,날짜,CNY 매매기준율,CNY 구매,CNY 판매,EUR 매매기준율,EUR 구매,EUR 판매,JPY 매매기준율,JPY 구매,JPY 판매,USD 매매기준율,USD 구매,USD 판매
0,2020.08.18,170.93,179.47,162.39,1407.89,1435.76,1380.02,1119.88,1139.47,1100.29,1184.5,1205.22,1163.78
1,2020.08.14,170.7,179.23,162.17,1401.26,1429.0,1373.52,1111.53,1130.98,1092.08,1186.0,1206.75,1165.25
2,2020.08.13,170.66,179.19,162.13,1401.86,1429.61,1374.11,1109.34,1128.75,1089.93,1184.0,1204.72,1163.28
3,2020.08.12,170.58,179.1,162.06,1392.38,1419.94,1364.82,1109.55,1128.96,1090.14,1185.0,1205.73,1164.27
4,2020.08.11,170.61,179.14,162.08,1394.86,1422.47,1367.25,1116.87,1136.41,1097.33,1185.0,1205.73,1164.27
5,2020.08.10,170.37,178.88,161.86,1397.45,1425.11,1369.79,1120.71,1140.32,1101.1,1187.5,1208.28,1166.72
6,2020.08.07,170.33,178.84,161.82,1403.04,1430.82,1375.26,1123.16,1142.81,1103.51,1185.5,1206.24,1164.76
7,2020.08.06,170.62,179.15,162.09,1404.82,1432.63,1377.01,1122.63,1142.27,1102.99,1185.5,1206.24,1164.76
8,2020.08.05,171.04,179.59,162.49,1405.88,1433.71,1378.05,1123.99,1143.65,1104.33,1187.5,1208.28,1166.72
9,2020.08.04,170.93,179.47,162.39,1408.32,1436.2,1380.44,1127.48,1147.21,1107.75,1194.0,1214.89,1173.11
10,2020.08.03,171.09,179.64,162.54,1406.76,1434.61,1378.91,1131.05,1150.84,1111.26,1194.5,1215.4,1173.6
11,2020.07.31,170.46,178.98,161.94,1411.34,1439.28,1383.4,1137.12,1157.01,1117.23,1190.0,1210.82,1169.18
12,2020.07.30,170.64,179.17,162.11,1404.7,1432.51,1376.89,1138.51,1158.43,1118.59,1196.0,1216.93,1175.07
13,2020.07.29,170.35,178.86,161.84,1401.78,1429.53,1374.03,1137.34,1157.24,1117.44,1192.5,1213.36,1171.64
14,2020.07.28,171.24,179.8,162.68,1405.81,1433.64,1377.98,1138.05,1157.96,1118.14,1199.5,1220.49,1178.51
15,2020.07.27,170.87,179.41,162.33,1400.01,1427.73,1372.29,1134.7,1154.55,1114.85,1197.0,1217.94,1176.06
16,2020.07.24,171.31,179.87,162.75,1396.08,1423.72,1368.44,1131.17,1150.96,1111.38,1203.0,1224.05,1181.95
17,2020.07.23,171.04,179.59,162.49,1387.34,1414.8,1359.88,1117.18,1136.73,1097.63,1196.5,1217.43,1175.57
18,2020.07.22,170.96,179.5,162.42,1380.7,1408.03,1353.37,1119.63,1139.22,1100.04,1198.0,1218.96,1177.04
19,2020.07.21,171.09,179.64,162.54,1369.42,1396.53,1342.31,1115.15,1134.66,1095.64,1196.0,1216.93,1175.07
20,2020.07.20,172.23,180.84,163.62,1379.81,1407.13,1352.49,1123.19,1142.84,1103.54,1203.5,1224.56,1182.44
21,2020.07.17,172.18,180.78,163.58,1374.94,1402.16,1347.72,1124.65,1144.33,1104.97,1204.5,1225.57,1183.43
22,2020.07.16,172.11,180.71,163.51,1372.53,1399.7,1345.36,1125.7,1145.39,1106.01,1204.5,1225.57,1183.43
23,2020.07.15,171.88,180.47,163.29,1373.92,1401.12,1346.72,1123.95,1143.61,1104.29,1201.5,1222.52,1180.48
24,2020.07.14,171.67,180.25,163.09,1368.85,1395.95,1341.75,1123.49,1143.15,1103.83,1205.5,1226.59,1184.41
25,2020.07.13,171.75,180.33,163.17,1360.59,1387.52,1333.66,1123.77,1143.43,1104.11,1203.0,1224.05,1181.95
26,2020.07.10,171.39,179.95,162.83,1355.89,1382.73,1329.05,1125.53,1145.22,1105.84,1201.5,1222.52,1180.48
27,2020.07.09,171.03,179.58,162.48,1354.53,1381.34,1327.72,1114.22,1133.71,1094.73,1195.0,1215.91,1174.09
28,2020.07.08,170.4,178.92,161.88,1349.69,1376.41,1322.97,1112.56,1132.02,1093.1,1196.0,1216.93,1175.07
29,2020.07.07,170.4,178.92,161.88,1348.54,1375.24,1321.84,1111.63,1131.08,1092.18,1197.0,1217.94,1176.06
30,2020.07.06,169.93,178.42,161.44,1348.8,1375.5,1322.1,1110.8,1130.23,1091.37,1195.0,1215.91,1174.09
31,2020.07.03,169.59,178.06,161.12,1347.68,1374.36,1321.0,1116.39,1135.92,1096.86,1199.0,1219.98,1178.02
32,2020.07.02,169.62,178.1,161.14,1354.9,1381.72,1328.08,1116.44,1135.97,1096.91,1198.5,1219.47,1177.53
33,2020.07.01,170.3,178.81,161.79,1351.57,1378.33,1324.81,1119.07,1138.65,1099.49,1203.0,1224.05,1181.95
34,2020.06.30,170.1,178.6,161.6,1350.93,1377.67,1324.19,1117.97,1137.53,1098.41,1203.5,1224.56,1182.44
35,2020.06.29,169.72,178.2,161.24,1351.76,1378.52,1325.0,1120.39,1139.99,1100.79,1200.5,1221.5,1179.5
36,2020.06.26,169.32,177.78,160.86,1347.64,1374.32,1320.96,1122.08,1141.71,1102.45,1199.5,1220.49,1178.51
37,2020.06.25,169.92,178.41,161.43,1352.69,1379.47,1325.91,1123.66,1143.32,1104.0,1204.0,1225.07,1182.93
38,2020.06.24,170.15,178.65,161.65,1358.86,1385.76,1331.96,1128.64,1148.39,1108.89,1202.0,1223.03,1180.97
39,2020.06.23,171.23,179.79,162.67,1364.96,1391.98,1337.94,1129.38,1149.14,1109.62,1209.0,1230.15,1187.85
40,2020.06.22,171.63,180.21,163.05,1362.15,1389.12,1335.18,1135.17,1155.03,1115.31,1213.5,1234.73,1192.27
41,2020.06.19,170.85,179.39,162.31,1354.77,1381.59,1327.95,1130.03,1149.8,1110.26,1208.0,1229.14,1186.86
42,2020.06.18,170.97,179.51,162.43,1360.73,1387.67,1333.79,1129.91,1149.68,1110.14,1209.0,1230.15,1187.85
43,2020.06.17,171.27,179.83,162.71,1365.84,1392.88,1338.8,1129.42,1149.18,1109.66,1213.0,1234.22,1191.78
44,2020.06.16,171.37,179.93,162.81,1374.41,1401.62,1347.2,1128.49,1148.23,1108.75,1212.0,1233.21,1190.79
45,2020.06.15,171.37,179.93,162.81,1368.7,1395.8,1341.6,1132.87,1152.69,1113.05,1215.0,1236.26,1193.74
46,2020.06.12,170.1,178.6,161.6,1363.0,1389.98,1336.02,1121.68,1141.3,1102.06,1203.0,1224.05,1181.95
47,2020.06.11,169.09,177.54,160.64,1359.94,1386.86,1333.02,1118.45,1138.02,1098.88,1194.5,1215.4,1173.6
48,2020.06.10,168.45,176.87,160.03,1352.46,1379.23,1325.69,1108.57,1127.96,1089.18,1189.5,1210.31,1168.69
49,2020.06.09,169.41,177.88,160.94,1352.36,1379.13,1325.59,1113.12,1132.59,1093.65,1200.5,1221.5,1179.5
50,2020.06.08,169.96,178.45,161.47,1357.13,1384.0,1330.26,1096.8,1115.99,1077.61,1201.0,1222.01,1179.99
51,2020.06.05,170.44,178.96,161.92,1370.4,1397.53,1343.27,1107.14,1126.51,1087.77,1209.0,1230.15,1187.85
52,2020.06.04,171.04,179.59,162.49,1366.62,1393.67,1339.57,1118.14,1137.7,1098.58,1219.0,1240.33,1197.67
53,2020.06.03,171.14,179.69,162.59,1365.38,1392.41,1338.35,1120.0,1139.6,1100.4,1218.0,1239.31,1196.69
54,2020.06.02,171.84,180.43,163.25,1364.97,1391.99,1337.95,1134.11,1153.95,1114.27,1222.0,1243.38,1200.62
55,2020.06.01,171.76,180.34,163.18,1366.88,1393.94,1339.82,1142.46,1162.45,1122.47,1227.0,1248.47,1205.53
56,2020.05.29,172.79,181.42,164.16,1375.48,1402.71,1348.25,1153.85,1174.04,1133.66,1237.5,1259.15,1215.85
57,2020.05.28,172.77,181.4,164.14,1364.0,1391.0,1337.0,1150.28,1170.4,1130.16,1240.0,1261.7,1218.3
58,2020.05.27,172.39,181.0,163.78,1355.27,1382.1,1328.44,1148.7,1168.8,1128.6,1236.0,1257.63,1214.37
59,2020.05.26,172.58,181.2,163.96,1350.82,1377.56,1324.08,1144.38,1164.4,1124.36,1232.5,1254.06,1210.94
60,2020.05.25,173.65,182.33,164.97,1351.99,1378.75,1325.23,1152.74,1172.91,1132.57,1241.5,1263.22,1219.78
61,2020.05.22,173.23,181.89,164.57,1352.15,1378.92,1325.38,1153.95,1174.14,1133.76,1240.5,1262.2,1218.8
62,2020.05.21,173.09,181.74,164.44,1349.31,1376.02,1322.6,1141.53,1161.5,1121.56,1230.0,1251.52,1208.48
63,2020.05.20,172.9,181.54,164.26,1347.33,1374.0,1320.66,1144.05,1164.07,1124.03,1231.0,1252.54,1209.46
64,2020.05.19,172.25,180.86,163.64,1342.47,1369.05,1315.89,1141.0,1160.96,1121.04,1226.0,1247.45,1204.55
65,2020.05.18,172.87,181.51,164.23,1334.49,1360.91,1308.07,1151.05,1171.19,1130.91,1234.5,1256.1,1212.9
66,2020.05.15,172.85,181.49,164.21,1330.79,1357.13,1304.45,1149.46,1169.57,1129.35,1230.5,1252.03,1208.97
67,2020.05.14,172.64,181.27,164.01,1327.54,1353.82,1301.26,1149.34,1169.45,1129.23,1227.5,1248.98,1206.02
68,2020.05.13,172.38,180.99,163.77,1328.51,1354.81,1302.21,1144.86,1164.89,1124.83,1225.0,1246.43,1203.57
69,2020.05.12,172.55,181.17,163.93,1326.6,1352.86,1300.34,1140.0,1159.95,1120.05,1225.5,1246.94,1204.06
70,2020.05.11,172.33,180.94,163.72,1323.29,1349.49,1297.09,1140.86,1160.82,1120.9,1223.0,1244.4,1201.6
71,2020.05.08,172.15,180.75,163.55,1322.34,1348.52,1296.16,1148.64,1168.74,1128.54,1221.0,1242.36,1199.64
72,2020.05.07,172.24,180.85,163.63,1322.27,1348.45,1296.09,1151.75,1171.9,1131.6,1225.0,1246.43,1203.57
73,2020.05.06,172.05,180.65,163.45,1321.92,1348.09,1295.75,1150.92,1171.06,1130.78,1224.0,1245.42,1202.58
74,2020.05.04,172.0,180.6,163.4,1341.92,1368.49,1315.35,1148.55,1168.64,1128.46,1225.5,1246.94,1204.06
75,2020.04.29,172.13,180.73,163.53,1324.44,1350.66,1298.22,1144.6,1164.63,1124.57,1219.0,1240.33,1197.67
76,2020.04.28,172.47,181.09,163.85,1326.96,1353.23,1300.69,1142.46,1162.45,1122.47,1223.0,1244.4,1201.6
77,2020.04.27,173.11,181.76,164.46,1331.3,1357.65,1304.95,1144.59,1164.62,1124.56,1227.0,1248.47,1205.53
78,2020.04.24,174.17,182.87,165.47,1328.86,1355.17,1302.55,1146.7,1166.76,1126.64,1235.0,1256.61,1213.39
79,2020.04.23,173.58,182.25,164.91,1328.45,1354.75,1302.15,1143.37,1163.37,1123.37,1230.5,1252.03,1208.97
80,2020.04.22,173.77,182.45,165.09,1339.04,1365.55,1312.53,1145.91,1165.96,1125.86,1233.0,1254.57,1211.43
81,2020.04.21,173.38,182.04,164.72,1333.91,1360.32,1307.5,1146.61,1166.67,1126.55,1231.0,1252.54,1209.46
82,2020.04.20,172.31,180.92,163.7,1327.36,1353.64,1301.08,1132.78,1152.6,1112.96,1220.0,1241.35,1198.65
83,2020.04.17,171.89,180.48,163.3,1318.25,1344.35,1292.15,1129.68,1149.44,1109.92,1217.0,1238.29,1195.71
84,2020.04.16,173.23,181.89,164.57,1334.5,1360.92,1308.08,1137.82,1157.73,1117.91,1226.0,1247.45,1204.55
85,2020.04.14,172.09,180.69,163.49,1327.87,1354.16,1301.58,1131.16,1150.95,1111.37,1216.0,1237.28,1194.72
86,2020.04.13,172.73,181.36,164.1,1331.7,1358.06,1305.34,1128.46,1148.2,1108.72,1217.5,1238.8,1196.2
87,2020.04.10,172.1,180.7,163.5,1326.53,1352.79,1300.27,1118.6,1138.17,1099.03,1212.0,1233.21,1190.79
88,2020.04.09,172.59,181.21,163.97,1326.51,1352.77,1300.25,1120.91,1140.52,1101.3,1220.0,1241.35,1198.65
89,2020.04.08,172.55,181.17,163.93,1325.94,1352.19,1299.69,1122.19,1141.82,1102.56,1221.5,1242.87,1200.13
90,2020.04.07,172.03,180.63,163.43,1322.4,1348.58,1296.22,1117.13,1136.67,1097.59,1216.0,1237.28,1194.72
91,2020.04.06,173.09,181.74,164.44,1327.17,1353.44,1300.9,1126.89,1146.61,1107.17,1230.0,1251.52,1208.48
92,2020.04.03,173.36,182.02,164.7,1331.64,1358.0,1305.28,1139.03,1158.96,1119.1,1233.0,1254.57,1211.43
93,2020.04.02,172.43,181.05,163.81,1339.64,1366.16,1313.12,1143.52,1163.53,1123.51,1227.0,1248.47,1205.53
94,2020.04.01,173.06,181.71,164.41,1349.72,1376.44,1323.0,1146.11,1166.16,1126.06,1231.5,1253.05,1209.95
95,2020.03.31,172.12,180.72,163.52,1343.47,1370.07,1316.87,1127.71,1147.44,1107.98,1223.0,1244.4,1201.6
96,2020.03.30,172.31,180.92,163.7,1357.97,1384.85,1331.09,1138.01,1157.92,1118.1,1224.5,1245.92,1203.08
97,2020.03.27,171.8,180.39,163.21,1344.81,1371.43,1318.19,1122.13,1141.76,1102.5,1222.0,1243.38,1200.62
98,2020.03.26,172.31,180.92,163.7,1344.05,1370.66,1317.44,1115.86,1135.38,1096.34,1228.0,1249.49,1206.51
99,2020.03.25,172.89,181.53,164.25,1332.71,1359.09,1306.33,1105.12,1124.45,1085.79,1230.0,1251.52,1208.48
100,2020.03.24,175.33,184.09,166.57,1349.34,1376.05,1322.63,1126.53,1146.24,1106.82,1246.5,1268.31,1224.69
101,2020.03.23,177.35,186.21,168.49,1355.35,1382.18,1328.52,1149.41,1169.52,1129.3,1265.5,1287.64,1243.36
102,2020.03.20,175.25,184.01,166.49,1338.96,1365.47,1312.45,1129.66,1149.42,1109.9,1241.5,1263.22,1219.78
103,2020.03.19,179.29,188.25,170.33,1389.98,1417.5,1362.46,1176.93,1197.52,1156.34,1280.5,1302.9,1258.1
104,2020.03.18,178.33,187.24,169.42,1379.56,1406.87,1352.25,1169.3,1189.76,1148.84,1257.0,1278.99,1235.01
105,2020.03.17,176.47,185.29,167.65,1377.64,1404.91,1350.37,1162.14,1182.47,1141.81,1240.0,1261.7,1218.3
106,2020.03.16,174.97,183.71,166.23,1377.92,1405.2,1350.64,1157.55,1177.8,1137.3,1227.0,1248.47,1205.53
107,2020.03.13,174.03,182.73,165.33,1365.28,1392.31,1338.25,1151.63,1171.78,1131.48,1219.0,1240.33,1197.67
108,2020.03.12,172.43,181.05,163.81,1360.29,1387.22,1333.36,1163.93,1184.29,1143.57,1207.0,1228.12,1185.88
109,2020.03.11,171.38,179.94,162.82,1349.37,1376.08,1322.66,1133.14,1152.96,1113.32,1191.5,1212.35,1170.65
110,2020.03.10,171.86,180.45,163.27,1357.55,1384.42,1330.68,1144.16,1164.18,1124.14,1194.5,1215.4,1173.6
111,2020.03.09,172.86,181.5,164.22,1370.31,1397.44,1343.18,1173.34,1193.87,1152.81,1201.5,1222.52,1180.48
112,2020.03.06,171.23,179.79,162.67,1339.47,1365.99,1312.95,1123.4,1143.05,1103.75,1188.0,1208.79,1167.21
113,2020.03.05,170.75,179.28,162.22,1320.65,1346.79,1294.51,1105.77,1125.12,1086.42,1185.5,1206.24,1164.76
114,2020.03.04,170.96,179.5,162.42,1322.49,1348.67,1296.31,1102.89,1122.19,1083.59,1184.5,1205.22,1163.78
115,2020.03.03,170.92,179.46,162.38,1325.98,1352.23,1299.73,1104.07,1123.39,1084.75,1193.5,1214.38,1172.62
116,2020.03.02,171.08,179.63,162.53,1320.82,1346.97,1294.67,1102.78,1122.07,1083.49,1191.0,1211.84,1170.16
117,2020.02.28,173.15,181.8,164.5,1335.18,1361.61,1308.75,1114.13,1133.62,1094.64,1210.5,1231.68,1189.32
118,2020.02.27,173.02,181.67,164.37,1329.88,1356.21,1303.55,1104.09,1123.41,1084.77,1214.5,1235.75,1193.25
119,2020.02.26,173.13,181.78,164.48,1325.92,1352.17,1299.67,1104.36,1123.68,1085.04,1217.0,1238.29,1195.71
120,2020.02.25,172.94,181.58,164.3,1320.1,1346.23,1293.97,1100.05,1119.3,1080.8,1215.0,1236.26,1193.74
121,2020.02.24,173.02,181.67,164.37,1318.31,1344.41,1292.21,1093.89,1113.03,1074.75,1217.5,1238.8,1196.2
122,2020.02.21,171.9,180.49,163.31,1310.24,1336.18,1284.3,1085.28,1104.27,1066.29,1211.5,1232.7,1190.3
123,2020.02.20,171.21,179.77,162.65,1298.64,1324.35,1272.93,1076.99,1095.83,1058.15,1203.0,1224.05,1181.95
124,2020.02.19,169.94,178.43,161.45,1285.19,1310.63,1259.75,1079.63,1098.52,1060.74,1189.0,1209.8,1168.2
125,2020.02.18,169.92,178.41,161.43,1289.26,1314.78,1263.74,1085.69,1104.68,1066.7,1191.0,1211.84,1170.16
126,2020.02.17,169.56,178.03,161.09,1284.64,1310.07,1259.21,1078.52,1097.39,1059.65,1184.0,1204.72,1163.28
127,2020.02.14,169.18,177.63,160.73,1281.64,1307.01,1256.27,1076.99,1095.83,1058.15,1182.0,1202.68,1161.32
128,2020.02.13,169.19,177.64,160.74,1286.65,1312.12,1261.18,1076.73,1095.57,1057.89,1181.5,1202.17,1160.83
129,2020.02.12,169.22,177.68,160.76,1288.01,1313.51,1262.51,1071.79,1090.54,1053.04,1179.5,1200.14,1158.86
130,2020.02.11,169.59,178.06,161.12,1291.2,1316.76,1265.64,1077.57,1096.42,1058.72,1183.5,1204.21,1162.79
131,2020.02.10,170.06,178.56,161.56,1301.1,1326.86,1275.34,1082.85,1101.79,1063.91,1188.0,1208.79,1167.21
132,2020.02.07,170.42,178.94,161.9,1306.53,1332.39,1280.67,1084.11,1103.08,1065.14,1191.0,1211.84,1170.16
133,2020.02.06,169.83,178.32,161.34,1302.16,1327.94,1276.38,1077.34,1096.19,1058.49,1184.0,1204.72,1163.28
134,2020.02.05,169.58,178.05,161.11,1309.94,1335.87,1284.01,1083.11,1102.06,1064.16,1186.0,1206.75,1165.25
135,2020.02.04,169.82,178.31,161.33,1313.14,1339.14,1287.14,1089.45,1108.51,1070.39,1187.5,1208.28,1166.72
136,2020.02.03,170.22,178.73,161.71,1321.76,1347.93,1295.59,1099.95,1119.19,1080.71,1194.0,1214.89,1173.11
137,2020.01.31,170.91,179.45,162.37,1315.6,1341.64,1289.56,1095.26,1114.42,1076.1,1193.5,1214.38,1172.62
138,2020.01.30,170.06,178.56,161.56,1311.07,1337.02,1285.12,1093.09,1112.21,1073.97,1189.5,1210.31,1168.69
139,2020.01.29,169.32,177.78,160.86,1297.84,1323.53,1272.15,1081.35,1100.27,1062.43,1179.0,1199.63,1158.37
140,2020.01.28,168.95,177.39,160.51,1299.26,1324.98,1273.54,1082.94,1101.89,1063.99,1179.0,1199.63,1158.37
141,2020.01.23,168.57,176.99,160.15,1294.61,1320.24,1268.98,1067.25,1085.92,1048.58,1168.0,1188.44,1147.56
142,2020.01.22,168.79,177.22,160.36,1291.84,1317.41,1266.27,1060.51,1079.06,1041.96,1165.5,1185.89,1145.11
143,2020.01.21,169.07,177.52,160.62,1295.43,1321.07,1269.79,1062.59,1081.18,1044.0,1168.0,1188.44,1147.56
144,2020.01.20,168.91,177.35,160.47,1285.77,1311.22,1260.32,1053.13,1071.55,1034.71,1159.5,1179.79,1139.21
145,2020.01.17,168.86,177.3,160.42,1290.55,1316.1,1265.0,1052.3,1070.71,1033.89,1159.0,1179.28,1138.72
146,2020.01.16,168.41,176.83,159.99,1294.12,1319.74,1268.5,1054.38,1072.83,1035.93,1159.5,1179.79,1139.21
147,2020.01.15,167.92,176.31,159.53,1287.74,1313.23,1262.25,1052.97,1071.39,1034.55,1157.0,1177.24,1136.76
148,2020.01.14,168.2,176.61,159.79,1289.99,1315.53,1264.45,1054.04,1072.48,1035.6,1158.5,1178.77,1138.23
149,2020.01.13,167.79,176.17,159.41,1286.51,1311.98,1261.04,1054.55,1073.0,1036.1,1156.0,1176.23,1135.77
150,2020.01.10,167.75,176.13,159.37,1289.5,1315.03,1263.97,1060.54,1079.09,1041.99,1161.5,1181.82,1141.18
151,2020.01.09,167.46,175.83,159.09,1290.13,1315.67,1264.59,1061.85,1080.43,1043.27,1160.5,1180.8,1140.2
152,2020.01.08,168.47,176.89,160.05,1302.12,1327.9,1276.34,1078.97,1097.85,1060.09,1169.5,1189.96,1149.04
153,2020.01.07,168.16,176.56,159.76,1303.61,1329.42,1277.8,1075.09,1093.9,1056.28,1165.5,1185.89,1145.11
154,2020.01.06,167.81,176.2,159.42,1307.94,1333.83,1282.05,1083.94,1102.9,1064.98,1170.0,1190.47,1149.53
155,2020.01.03,167.47,175.84,159.1,1302.58,1328.37,1276.79,1081.72,1100.65,1062.79,1167.5,1187.93,1147.07
156,2020.01.02,166.35,174.66,158.04,1298.14,1323.84,1272.44,1064.56,1083.18,1045.94,1157.5,1177.75,1137.25
157,2019.12.31,166.0,174.3,157.7,1296.8,1322.47,1271.13,1064.55,1083.17,1045.93,1156.0,1176.23,1135.77
158,2019.12.30,165.66,173.94,157.38,1295.96,1321.62,1270.3,1060.3,1078.85,1041.75,1157.0,1177.24,1136.76
159,2019.12.27,166.14,174.44,157.84,1294.21,1319.83,1268.59,1062.42,1081.01,1043.83,1162.5,1182.84,1142.16
160,2019.12.26,166.0,174.3,157.7,1289.47,1315.0,1263.94,1061.19,1079.76,1042.62,1162.0,1182.33,1141.67
161,2019.12.24,165.97,174.26,157.68,1289.07,1314.59,1263.55,1063.56,1082.17,1044.95,1163.0,1183.35,1142.65
162,2019.12.23,166.09,174.39,157.79,1290.64,1316.19,1265.09,1064.67,1083.3,1046.04,1164.0,1184.37,1143.63
163,2019.12.20,165.59,173.86,157.32,1290.04,1315.58,1264.5,1061.2,1079.77,1042.63,1160.0,1180.3,1139.7
164,2019.12.19,166.52,174.84,158.2,1297.76,1323.45,1272.07,1064.65,1083.28,1046.02,1166.0,1186.4,1145.6
165,2019.12.18,166.87,175.21,158.53,1299.31,1325.03,1273.59,1067.48,1086.16,1048.8,1167.5,1187.93,1147.07
166,2019.12.17,166.84,175.18,158.5,1300.24,1325.98,1274.5,1065.24,1083.88,1046.6,1167.5,1187.93,1147.07
167,2019.12.16,167.63,176.01,159.25,1306.54,1332.4,1280.68,1072.34,1091.1,1053.58,1174.0,1194.54,1153.46
168,2019.12.13,167.81,176.2,159.42,1309.74,1335.67,1283.81,1069.47,1088.18,1050.76,1171.5,1192.0,1151.0
169,2019.12.12,168.84,177.28,160.4,1322.28,1348.46,1296.1,1093.56,1112.69,1074.43,1187.5,1208.28,1166.72
170,2019.12.11,169.79,178.27,161.31,1324.9,1351.13,1298.67,1099.66,1118.9,1080.42,1195.0,1215.91,1174.09
171,2019.12.10,169.38,177.84,160.92,1320.14,1346.27,1294.01,1098.31,1117.53,1079.09,1192.0,1212.86,1171.14
172,2019.12.09,169.42,177.89,160.95,1319.38,1345.5,1293.26,1099.59,1118.83,1080.35,1192.5,1213.36,1171.64
173,2019.12.06,169.28,177.74,160.82,1321.97,1348.14,1295.8,1096.47,1115.65,1077.29,1190.0,1210.82,1169.18
174,2019.12.05,169.09,177.54,160.64,1320.7,1346.84,1294.56,1094.17,1113.31,1075.03,1191.0,1211.84,1170.16
175,2019.12.04,168.76,177.19,160.33,1323.55,1349.75,1297.35,1101.37,1120.64,1082.1,1194.0,1214.89,1173.11
176,2019.12.03,168.65,177.08,160.22,1316.78,1342.85,1290.71,1089.01,1108.06,1069.96,1188.0,1208.79,1167.21
177,2019.12.02,168.36,176.77,159.95,1305.83,1331.68,1279.98,1080.87,1099.78,1061.96,1185.5,1206.24,1164.76
178,2019.11.29,167.94,176.33,159.55,1298.59,1324.3,1272.88,1077.13,1095.97,1058.29,1180.0,1200.65,1159.35
179,2019.11.28,167.73,176.11,159.35,1298.9,1324.61,1273.19,1077.3,1096.15,1058.45,1179.0,1199.63,1158.37
180,2019.11.27,167.69,176.07,159.31,1295.52,1321.17,1269.87,1078.23,1097.09,1059.37,1177.0,1197.59,1156.41
181,2019.11.26,167.28,175.64,158.92,1297.37,1323.05,1271.69,1081.07,1099.98,1062.16,1177.5,1198.1,1156.9
182,2019.11.25,167.32,175.68,158.96,1297.21,1322.89,1271.53,1080.65,1099.56,1061.74,1176.5,1197.08,1155.92
183,2019.11.22,167.21,175.57,158.85,1303.17,1328.97,1277.37,1083.69,1102.65,1064.73,1177.0,1197.59,1156.41
184,2019.11.21,167.24,175.6,158.88,1304.7,1330.53,1278.87,1084.69,1103.67,1065.71,1177.0,1197.59,1156.41
185,2019.11.20,166.29,174.6,157.98,1295.01,1320.65,1269.37,1080.36,1099.26,1061.46,1171.0,1191.49,1150.51
186,2019.11.19,166.19,174.49,157.89,1292.42,1318.0,1266.84,1073.86,1092.65,1055.07,1167.5,1187.93,1147.07
187,2019.11.18,166.03,174.33,157.73,1287.94,1313.44,1262.44,1068.94,1087.64,1050.24,1164.5,1184.87,1144.13
188,2019.11.15,166.43,174.75,158.11,1286.85,1312.32,1261.38,1075.77,1094.59,1056.95,1167.0,1187.42,1146.58
189,2019.11.14,166.47,174.79,158.15,1287.62,1313.11,1262.13,1076.29,1095.12,1057.46,1169.5,1189.96,1149.04
190,2019.11.13,166.35,174.66,158.04,1285.18,1310.62,1259.74,1069.82,1088.54,1051.1,1167.5,1187.93,1147.07
191,2019.11.12,165.96,174.25,157.67,1281.66,1307.03,1256.29,1064.37,1082.99,1045.75,1162.5,1182.84,1142.16
192,2019.11.11,166.37,174.68,158.06,1285.86,1311.32,1260.4,1070.02,1088.74,1051.3,1166.0,1186.4,1145.6
193,2019.11.08,165.63,173.91,157.35,1279.85,1305.19,1254.51,1059.4,1077.93,1040.87,1157.5,1177.75,1137.25
194,2019.11.07,165.72,174.0,157.44,1282.42,1307.81,1257.03,1061.86,1080.44,1043.28,1157.0,1177.24,1136.76
195,2019.11.06,165.48,173.75,157.21,1283.99,1309.41,1258.57,1062.39,1080.98,1043.8,1158.0,1178.26,1137.74
196,2019.11.05,165.25,173.51,156.99,1286.3,1311.76,1260.84,1061.46,1080.03,1042.89,1155.5,1175.72,1135.28
197,2019.11.04,165.16,173.41,156.91,1295.35,1320.99,1269.71,1070.87,1089.61,1052.13,1160.5,1180.8,1140.2
198,2019.11.01,165.55,173.82,157.28,1301.28,1327.04,1275.52,1079.57,1098.46,1060.68,1165.5,1185.89,1145.11
199,2019.10.31,165.56,173.83,157.29,1300.54,1326.29,1274.79,1071.92,1090.67,1053.17,1164.0,1184.37,1143.63
200,2019.10.30,165.34,173.6,157.08,1297.15,1322.83,1271.47,1071.86,1090.61,1053.11,1166.5,1186.91,1146.09
201,2019.10.29,165.2,173.46,156.94,1291.81,1317.38,1266.24,1070.9,1089.64,1052.16,1166.0,1186.4,1145.6
202,2019.10.28,165.79,174.07,157.51,1298.2,1323.9,1272.5,1076.92,1095.76,1058.08,1170.5,1190.98,1150.02
203,2019.10.25,166.06,174.36,157.76,1305.52,1331.36,1279.68,1081.37,1100.29,1062.45,1173.5,1194.03,1152.97
204,2019.10.24,166.03,174.33,157.73,1306.34,1332.2,1280.48,1079.78,1098.67,1060.89,1173.5,1194.03,1152.97
205,2019.10.23,165.7,173.98,157.42,1303.03,1328.82,1277.24,1081.48,1100.4,1062.56,1172.0,1192.51,1151.49
206,2019.10.22,165.8,174.09,157.51,1307.95,1333.84,1282.06,1081.53,1100.45,1062.61,1174.0,1194.54,1153.46
207,2019.10.21,165.75,174.03,157.47,1308.1,1334.0,1282.2,1078.63,1097.5,1059.76,1171.5,1192.0,1151.0
208,2019.10.18,166.75,175.08,158.42,1314.57,1340.59,1288.55,1086.98,1106.0,1067.96,1181.0,1201.66,1160.34
209,2019.10.17,166.68,175.01,158.35,1309.29,1335.21,1283.37,1084.72,1103.7,1065.74,1180.5,1201.15,1159.85
210,2019.10.16,167.35,175.71,158.99,1312.49,1338.47,1286.51,1094.2,1113.34,1075.06,1189.5,1210.31,1168.69
211,2019.10.15,167.52,175.89,159.15,1307.8,1333.69,1281.91,1094.9,1114.06,1075.74,1186.0,1206.75,1165.25
212,2019.10.14,167.58,175.95,159.21,1306.62,1332.49,1280.75,1094.23,1113.37,1075.09,1184.5,1205.22,1163.78
213,2019.10.11,167.2,175.56,158.84,1307.57,1333.45,1281.69,1098.86,1118.09,1079.63,1186.0,1206.75,1165.25
214,2019.10.10,167.7,176.08,159.32,1317.08,1343.15,1291.01,1113.13,1132.6,1093.66,1195.5,1216.42,1174.58
215,2019.10.08,167.55,175.92,159.18,1313.9,1339.91,1287.89,1115.68,1135.2,1096.16,1195.0,1215.91,1174.09
216,2019.10.07,167.9,176.29,159.51,1313.61,1339.61,1287.61,1121.3,1140.92,1101.68,1198.0,1218.96,1177.04
217,2019.10.04,168.05,176.45,159.65,1314.07,1340.08,1288.06,1121.42,1141.04,1101.8,1197.0,1217.94,1176.06
218,2019.10.02,168.58,177.0,160.16,1314.66,1340.69,1288.63,1120.82,1140.43,1101.21,1206.0,1227.1,1184.9
219,2019.10.01,168.0,176.4,159.6,1308.91,1334.82,1283.0,1108.5,1127.89,1089.11,1201.5,1222.52,1180.48
220,2019.09.30,167.77,176.15,159.39,1311.53,1337.49,1285.57,1111.68,1131.13,1092.23,1199.5,1220.49,1178.51
221,2019.09.27,168.43,176.85,160.01,1310.39,1336.33,1284.45,1111.73,1131.18,1092.28,1199.0,1219.98,1178.02
222,2019.09.26,168.42,176.84,160.0,1313.65,1339.66,1287.64,1116.07,1135.6,1096.54,1201.0,1222.01,1179.99
223,2019.09.25,168.33,176.74,159.92,1319.69,1345.81,1293.57,1117.79,1137.35,1098.23,1199.5,1220.49,1178.51
224,2019.09.24,168.18,176.58,159.78,1313.11,1339.1,1287.12,1109.82,1129.24,1090.4,1194.5,1215.4,1173.6
225,2019.09.23,168.16,176.56,159.76,1315.04,1341.07,1289.01,1115.98,1135.5,1096.46,1198.0,1218.96,1177.04
226,2019.09.20,167.87,176.26,159.48,1314.44,1340.46,1288.42,1102.46,1121.75,1083.17,1189.0,1209.8,1168.2
227,2019.09.19,168.37,176.78,159.96,1320.44,1346.58,1294.3,1105.76,1125.11,1086.41,1194.0,1214.89,1173.11
228,2019.09.18,168.29,176.7,159.88,1316.76,1342.83,1290.69,1102.02,1121.3,1082.74,1192.5,1213.36,1171.64
229,2019.09.17,167.85,176.24,159.46,1311.34,1337.3,1285.38,1100.79,1120.05,1081.53,1190.5,1211.33,1169.67
230,2019.09.16,167.63,176.01,159.25,1308.83,1334.74,1282.92,1097.97,1117.18,1078.76,1183.5,1204.21,1162.79
231,2019.09.11,167.95,176.34,159.56,1318.13,1344.22,1292.04,1109.1,1128.5,1089.7,1194.5,1215.4,1173.6
232,2019.09.10,167.73,176.11,159.35,1315.73,1341.78,1289.68,1111.01,1130.45,1091.57,1192.0,1212.86,1171.14
233,2019.09.09,167.62,176.0,159.24,1316.91,1342.98,1290.84,1115.52,1135.04,1096.0,1193.5,1214.38,1172.62
234,2019.09.06,167.99,176.38,159.6,1320.35,1346.49,1294.21,1117.5,1137.05,1097.95,1195.5,1216.42,1174.58
235,2019.09.05,168.03,176.43,159.63,1325.42,1351.66,1299.18,1127.28,1147.0,1107.56,1201.0,1222.01,1179.99
236,2019.09.04,168.75,177.18,160.32,1329.15,1355.46,1302.84,1136.64,1156.53,1116.75,1207.0,1228.12,1185.88
237,2019.09.03,169.34,177.8,160.88,1331.4,1357.76,1305.04,1146.63,1166.69,1126.57,1216.0,1237.28,1194.72
238,2019.09.02,168.97,177.41,160.53,1330.48,1356.82,1304.14,1140.96,1160.92,1121.0,1212.5,1233.71,1191.29
239,2019.08.30,169.19,177.64,160.74,1335.89,1362.34,1309.44,1137.28,1157.18,1117.38,1209.5,1230.66,1188.34
240,2019.08.29,169.57,178.04,161.1,1342.97,1369.56,1316.38,1140.96,1160.92,1121.0,1212.5,1233.71,1191.29
241,2019.08.28,169.39,177.85,160.93,1347.19,1373.86,1320.52,1148.72,1168.82,1128.62,1215.0,1236.26,1193.74
242,2019.08.27,169.24,177.7,160.78,1349.67,1376.39,1322.95,1148.25,1168.34,1128.16,1214.5,1235.75,1193.25
243,2019.08.26,169.72,178.2,161.24,1350.59,1377.33,1323.85,1147.42,1167.49,1127.35,1215.0,1236.26,1193.74
244,2019.08.23,170.77,179.3,162.24,1340.94,1367.49,1314.39,1136.45,1156.33,1116.57,1211.0,1232.19,1189.81
245,2019.08.22,170.39,178.9,161.88,1341.31,1367.86,1314.76,1135.81,1155.68,1115.94,1208.5,1229.64,1187.36
246,2019.08.21,170.2,178.71,161.69,1335.64,1362.08,1309.2,1129.73,1149.5,1109.96,1203.5,1224.56,1182.44
247,2019.08.20,170.91,179.45,162.37,1339.21,1365.72,1312.7,1136.06,1155.94,1116.18,1209.0,1230.15,1187.85
248,2019.08.19,171.6,180.18,163.02,1344.14,1370.75,1317.53,1135.66,1155.53,1115.79,1210.5,1231.68,1189.32
249,2019.08.16,171.7,180.28,163.12,1342.76,1369.34,1316.18,1139.76,1159.7,1119.82,1211.0,1232.19,1189.81
250,2019.08.14,172.5,181.12,163.88,1357.49,1384.36,1330.62,1141.3,1161.27,1121.33,1214.0,1235.24,1192.76
251,2019.08.13,172.29,180.9,163.68,1369.03,1396.13,1341.93,1161.66,1181.98,1141.34,1223.0,1244.4,1201.6
252,2019.08.12,171.56,180.13,162.99,1362.91,1389.89,1335.93,1158.45,1178.72,1138.18,1219.5,1240.84,1198.16
253,2019.08.09,170.99,179.53,162.45,1356.08,1382.93,1329.23,1143.86,1163.87,1123.85,1211.0,1232.19,1189.81
254,2019.08.08,171.08,179.63,162.53,1356.33,1383.18,1329.48,1139.64,1159.58,1119.7,1209.5,1230.66,1188.34
255,2019.08.07,171.82,180.41,163.23,1360.39,1387.32,1333.46,1144.32,1164.34,1124.3,1215.5,1236.77,1194.23
256,2019.08.06,171.98,180.57,163.39,1361.8,1388.76,1334.84,1142.64,1162.63,1122.65,1216.0,1237.28,1194.72
257,2019.08.05,171.51,180.08,162.94,1354.36,1381.17,1327.55,1146.88,1166.95,1126.81,1215.0,1236.26,1193.74
258,2019.08.02,172.29,180.9,163.68,1332.07,1358.44,1305.7,1122.8,1142.44,1103.16,1200.5,1221.5,1179.5
259,2019.08.01,171.96,180.55,163.37,1313.05,1339.04,1287.06,1089.57,1108.63,1070.51,1188.5,1209.29,1167.71
260,2019.07.31,171.67,180.25,163.09,1318.45,1344.55,1292.35,1089.72,1108.79,1070.65,1183.0,1203.7,1162.3
261,2019.07.30,171.59,180.16,163.02,1316.9,1342.97,1290.83,1088.14,1107.18,1069.1,1181.5,1202.17,1160.83
262,2019.07.29,171.83,180.42,163.24,1317.96,1344.05,1291.87,1090.66,1109.74,1071.58,1185.0,1205.73,1164.27
263,2019.07.26,172.16,180.76,163.56,1319.41,1345.53,1293.29,1090.4,1109.48,1071.32,1184.5,1205.22,1163.78
264,2019.07.25,171.81,180.4,163.22,1314.89,1340.92,1288.86,1093.07,1112.19,1073.95,1181.5,1202.17,1160.83
265,2019.07.24,171.2,179.76,162.64,1312.17,1338.15,1286.19,1090.24,1109.31,1071.17,1178.0,1198.61,1157.39
266,2019.07.23,171.34,179.9,162.78,1318.36,1344.46,1292.26,1089.95,1109.02,1070.88,1179.0,1199.63,1158.37
267,2019.07.22,171.14,179.69,162.59,1320.8,1346.95,1294.65,1091.69,1110.79,1072.59,1177.5,1198.1,1156.9
268,2019.07.19,170.89,179.43,162.35,1323.03,1349.22,1296.84,1092.47,1111.58,1073.36,1175.5,1196.07,1154.93
269,2019.07.18,171.34,179.9,162.78,1324.63,1350.85,1298.41,1093.94,1113.08,1074.8,1178.5,1199.12,1157.88
270,2019.07.17,171.73,180.31,163.15,1324.82,1351.05,1298.59,1091.45,1110.55,1072.35,1181.5,1202.17,1160.83
271,2019.07.16,171.38,179.94,162.82,1325.11,1351.34,1298.88,1091.1,1110.19,1072.01,1178.5,1199.12,1157.88
272,2019.07.15,171.61,180.19,163.03,1330.1,1356.43,1303.77,1093.81,1112.95,1074.67,1180.0,1200.65,1159.35
273,2019.07.12,171.39,179.95,162.83,1327.79,1354.08,1301.5,1088.24,1107.28,1069.2,1179.0,1199.63,1158.37
274,2019.07.11,170.9,179.44,162.36,1323.45,1349.65,1297.25,1086.53,1105.54,1067.52,1174.0,1194.54,1153.46
275,2019.07.10,171.46,180.03,162.89,1325.67,1351.91,1299.43,1084.18,1103.15,1065.21,1181.0,1201.66,1160.34
276,2019.07.09,171.64,180.22,163.06,1325.52,1351.76,1299.28,1086.68,1105.69,1067.67,1183.5,1204.21,1162.79
277,2019.07.08,171.5,180.07,162.93,1326.38,1352.64,1300.12,1089.68,1108.74,1070.62,1181.0,1201.66,1160.34
278,2019.07.05,170.22,178.73,161.71,1319.34,1345.46,1293.22,1084.52,1103.49,1065.55,1171.5,1192.0,1151.0
279,2019.07.04,170.15,178.65,161.65,1319.64,1345.76,1293.52,1085.14,1104.12,1066.16,1170.0,1190.47,1149.53
280,2019.07.03,169.92,178.41,161.43,1320.46,1346.6,1294.32,1086.45,1105.46,1067.44,1170.0,1190.47,1149.53
281,2019.07.02,169.66,178.14,161.18,1318.46,1344.56,1292.36,1078.72,1097.59,1059.85,1167.5,1187.93,1147.07
282,2019.07.01,169.91,178.4,161.42,1317.68,1343.77,1291.59,1074.36,1093.16,1055.56,1163.0,1183.35,1142.65
283,2019.06.28,168.11,176.51,159.71,1316.58,1342.64,1290.52,1073.78,1092.57,1054.99,1155.5,1175.72,1135.28
284,2019.06.27,168.3,176.71,159.89,1316.19,1342.25,1290.13,1072.36,1091.12,1053.6,1157.5,1177.75,1137.25
285,2019.06.26,168.15,176.55,159.75,1314.92,1340.95,1288.89,1077.35,1096.2,1058.5,1157.5,1177.75,1137.25
286,2019.06.25,168.06,176.46,159.66,1316.68,1342.75,1290.61,1080.03,1098.93,1061.13,1156.5,1176.73,1136.27
287,2019.06.24,168.28,176.69,159.87,1318.61,1344.71,1292.51,1078.61,1097.48,1059.74,1158.0,1178.26,1137.74
288,2019.06.21,169.33,177.79,160.87,1316.93,1343.0,1290.86,1084.57,1103.54,1065.6,1164.5,1184.87,1144.13
289,2019.06.20,169.37,177.83,160.91,1311.33,1337.29,1285.37,1077.56,1096.41,1058.71,1161.5,1181.82,1141.18
290,2019.06.19,170.33,178.84,161.82,1317.56,1343.64,1291.48,1085.03,1104.01,1066.05,1176.5,1197.08,1155.92
291,2019.06.18,171.01,179.56,162.46,1327.25,1353.52,1300.98,1095.21,1114.37,1076.05,1186.0,1206.75,1165.25
292,2019.06.17,171.19,179.74,162.64,1330.98,1357.33,1304.63,1093.2,1112.33,1074.07,1187.0,1207.77,1166.23
293,2019.06.14,170.97,179.51,162.43,1337.6,1364.08,1311.12,1095.86,1115.03,1076.69,1185.5,1206.24,1164.76
294,2019.06.13,170.68,179.21,162.15,1336.53,1362.99,1310.07,1091.89,1110.99,1072.79,1183.5,1204.21,1162.79
295,2019.06.12,170.65,179.18,162.12,1340.93,1367.48,1314.38,1093.04,1112.16,1073.92,1183.0,1203.7,1162.3
296,2019.06.11,170.52,179.04,162.0,1336.75,1363.21,1310.29,1087.24,1106.26,1068.22,1181.5,1202.17,1160.83
297,2019.06.10,170.69,179.22,162.16,1340.84,1367.38,1314.3,1092.9,1112.02,1073.78,1187.0,1207.77,1166.23
298,2019.06.07,170.49,179.01,161.97,1336.06,1362.51,1309.61,1093.43,1112.56,1074.3,1185.5,1206.24,1164.76
299,2019.06.05,170.33,178.84,161.82,1330.27,1356.6,1303.94,1089.65,1108.71,1070.59,1179.0,1199.63,1158.37
