,국제 은
2020-08-18,28.05
2020-08-17,27.64
2020-08-14,26.07
2020-08-13,27.69
2020-08-12,25.95
2020-08-11,26.04
2020-08-10,29.25
2020-08-07,27.53
2020-08-06,28.39
2020-08-05,26.88
2020-08-04,26.01
2020-08-03,24.39
2020-07-31,24.19
2020-07-30,23.34
2020-07-29,24.30
2020-07-28,24.27
2020-07-27,24.48
2020-07-24,22.81
2020-07-23,22.95
2020-07-22,23.08
2020-07-21,21.50
2020-07-20,20.12
2020-07-17,19.68
2020-07-16,19.50
2020-07-15,19.68
2020-07-14,19.45
2020-07-13,19.71
2020-07-10,18.98
2020-07-09,18.88
2020-07-08,19.08
2020-07-07,18.63
2020-07-06,18.50
2020-07-02,18.24
2020-07-01,18.13
2020-06-30,18.54
2020-06-29,17.98
2020-06-26,18.04
2020-06-25,17.89
2020-06-24,17.66
2020-06-23,18.05
2020-06-22,17.89
2020-06-19,17.83
2020-06-18,17.49
2020-06-17,17.76
2020-06-16,17.63
2020-06-15,17.38
2020-06-12,17.46
2020-06-11,17.87
2020-06-10,17.78
2020-06-09,17.77
2020-06-08,17.87
2020-06-05,17.44
2020-06-04,18.02
2020-06-03,17.92
2020-06-02,18.21
2020-06-01,18.77
2020-05-29,18.44
2020-05-28,17.89
2020-05-27,17.68
2020-05-26,17.54
2020-05-22,17.66
2020-05-21,17.34
2020-05-20,18.00
2020-05-19,17.89
2020-05-18,17.46
2020-05-15,17.05
2020-05-14,16.14
2020-05-13,15.66
2020-05-12,15.69
2020-05-11,15.64
2020-05-08,15.74
2020-05-07,15.56
2020-05-06,14.99
2020-05-05,15.06
2020-05-04,14.72
2020-05-01,14.86
2020-04-30,14.90
2020-04-29,15.16
2020-04-28,15.17
2020-04-27,15.21
2020-04-24,15.25
2020-04-23,15.35
2020-04-22,15.28
2020-04-21,14.82
2020-04-20,15.56
2020-04-17,15.24
2020-04-16,15.56
2020-04-15,15.45
2020-04-14,16.07
2020-04-13,15.48
2020-04-09,15.99
2020-04-08,15.15
2020-04-07,15.42
2020-04-06,15.11
2020-04-03,14.44
2020-04-02,14.60
2020-04-01,13.93
2020-03-31,14.10
2020-03-30,14.07
2020-03-27,14.48
2020-03-26,14.62
2020-03-25,14.84
2020-03-24,14.23
2020-03-23,13.22
2020-03-20,12.35
2020-03-19,12.10
2020-03-18,11.73
2020-03-17,12.47
2020-03-16,12.77
2020-03-13,14.46
2020-03-12,15.96
2020-03-11,16.73
2020-03-10,16.91
2020-03-09,17.00
2020-03-06,17.21
2020-03-05,17.34
2020-03-04,17.19
2020-03-03,17.13
2020-03-02,16.68
2020-02-28,16.39
2020-02-27,17.66
2020-02-26,17.83
2020-02-25,18.18
2020-02-24,18.87
2020-02-21,18.52
2020-02-20,18.31
2020-02-19,18.29
2020-02-18,18.13
2020-02-14,17.71
2020-02-13,17.60
2020-02-12,17.48
2020-02-11,17.57
2020-02-10,17.76
2020-02-07,17.66
2020-02-06,17.79
2020-02-05,17.57
2020-02-04,17.53
2020-02-03,17.64
2020-01-31,17.97
2020-01-30,17.95
2020-01-29,17.45
2020-01-28,17.40
2020-01-27,18.00
2020-01-24,18.06
2020-01-23,17.77
2020-01-22,17.77
2020-01-21,17.75
2020-01-17,18.01
2020-01-16,17.88
2020-01-15,17.92
2020-01-14,17.67
2020-01-13,17.93
2020-01-10,18.03
2020-01-09,17.86
2020-01-08,18.09
2020-01-07,18.32
2020-01-06,18.10
2020-01-03,18.07
2020-01-02,17.97
2019-12-31,17.83
2019-12-30,17.91
2019-12-27,17.85
2019-12-26,17.89
2019-12-24,17.76
2019-12-23,17.40
2019-12-20,17.13
2019-12-19,17.06
2019-12-18,16.95
2019-12-17,16.98
2019-12-16,17.02
2019-12-13,16.91
2019-12-12,16.84
2019-12-11,16.74
2019-12-10,16.60
2019-12-09,16.53
2019-12-06,16.48
2019-12-05,16.94
2019-12-04,16.80
2019-12-03,17.12
2019-12-02,16.84
2019-11-29,16.97
2019-11-27,16.91
2019-11-26,17.05
2019-11-25,16.87
2019-11-22,16.98
2019-11-21,17.05
2019-11-20,17.10
2019-11-19,17.10
2019-11-18,16.98
2019-11-15,16.93
2019-11-14,17.01
2019-11-13,16.90
2019-11-12,16.68
2019-11-11,16.76
2019-11-08,16.78
2019-11-07,16.97
2019-11-06,17.56
2019-11-05,17.52
2019-11-04,18.01
2019-11-01,18.00
2019-10-31,18.01
2019-10-30,17.82
2019-10-29,17.78
2019-10-28,17.82
2019-10-25,17.86
2019-10-24,17.74
2019-10-23,17.52
2019-10-22,17.44
2019-10-21,17.53
2019-10-18,17.50
2019-10-17,17.54
2019-10-16,17.35
2019-10-15,17.31
2019-10-14,17.63
2019-10-11,17.46
2019-10-10,17.52
2019-10-09,17.73
2019-10-08,17.62
2019-10-07,17.46
2019-10-04,17.54
2019-10-03,17.59
2019-10-02,17.59
2019-10-01,17.20
2019-09-30,16.90
2019-09-27,17.55
2019-09-26,17.81
2019-09-25,17.97
2019-09-24,18.52
2019-09-23,18.60
2019-09-20,17.74
2019-09-19,17.77
2019-09-18,17.80
2019-09-17,18.02
2019-09-16,17.90
2019-09-13,17.44
2019-09-12,18.04
2019-09-11,18.03
2019-09-10,18.04
2019-09-09,18.02
2019-09-06,17.97
2019-09-05,18.66
2019-09-04,19.39
2019-09-03,19.08
2019-08-30,18.18
2019-08-29,18.17
2019-08-28,18.32
2019-08-27,18.15
2019-08-26,17.62
2019-08-23,17.39
2019-08-22,17.01
2019-08-21,17.12
2019-08-20,17.12
2019-08-19,16.91
2019-08-16,17.10
2019-08-15,17.19
2019-08-14,17.25
2019-08-13,16.96
2019-08-12,17.04
2019-08-09,16.90
2019-08-08,16.90
2019-08-07,17.16
2019-08-06,16.41
2019-08-05,16.34
2019-08-02,16.22
2019-08-01,16.12
2019-07-31,16.35
2019-07-30,16.50
2019-07-29,16.37
2019-07-26,16.32
2019-07-25,16.34
2019-07-24,16.55
2019-07-23,16.41
2019-07-22,16.34
2019-07-19,16.12
2019-07-18,16.12
2019-07-17,15.89
2019-07-16,15.60
2019-07-15,15.29
2019-07-12,15.16
2019-07-11,15.07
2019-07-10,15.15
2019-07-09,15.07
2019-07-08,14.97
2019-07-05,14.92
2019-07-03,15.25
2019-07-02,15.15
2019-07-01,15.11
2019-06-28,15.25
2019-06-27,15.21
2019-06-26,15.29
2019-06-25,15.30
2019-06-24,15.37
2019-06-21,15.27
2019-06-20,15.47
2019-06-19,14.95
2019-06-18,14.98
2019-06-17,14.81
2019-06-14,14.78
2019-06-13,14.87
2019-06-12,14.72
2019-06-11,14.71
2019-06-10,14.61
2019-06-07,14.99
2019-06-06,14.87
2019-06-05,14.75
2019-06-04,14.73
2019-06-03,14.70
2019-05-31,14.53
2019-05-30,14.46
2019-05-29,14.38
2019-05-28,14.28
2019-05-24,14.52
2019-05-23,14.58
2019-05-22,14.41
2019-05-21,14.37
2019-05-20,14.41
2019-05-17,14.35
2019-05-16,14.48
2019-05-15,14.75
2019-05-14,14.75
2019-05-13,14.71
2019-05-10,14.73
2019-05-09,14.71
2019-05-08,14.79
2019-05-07,14.86
2019-05-06,14.86
2019-05-03,14.91
2019-05-02,14.54
2019-05-01,14.64
2019-04-30,14.90
2019-04-29,14.84
2019-04-26,15.01
2019-04-25,14.88
2019-04-24,14.90
2019-04-23,14.77
2019-04-22,14.96
2019-04-18,14.94
2019-04-17,14.92
2019-04-16,14.89
2019-04-15,14.95
2019-04-12,14.92
2019-04-11,14.82
2019-04-10,15.20
2019-04-09,15.17
2019-04-08,15.17
2019-04-05,15.04
2019-04-04,15.04
2019-04-03,15.06
2019-04-02,15.02
2019-04-01,15.05
2019-03-29,15.06
2019-03-28,14.92
2019-03-27,15.24
2019-03-26,15.38
2019-03-25,15.51
2019-03-22,15.35
2019-03-21,15.37
2019-03-20,15.24
2019-03-19,15.30
2019-03-18,15.25
2019-03-15,15.25
2019-03-14,15.10
2019-03-13,15.38
2019-03-12,15.34
2019-03-11,15.20
2019-03-08,15.27
2019-03-07,14.96
2019-03-06,15.00
2019-03-05,15.02
2019-03-04,15.02
2019-03-01,15.17
2019-02-28,15.54
2019-02-27,15.67
2019-02-26,15.83
2019-02-25,15.82
2019-02-22,15.91
2019-02-21,15.79
2019-02-20,16.16
2019-02-19,15.95
2019-02-15,15.72
2019-02-14,15.50
2019-02-13,15.62
2019-02-12,15.66
2019-02-11,15.66
2019-02-08,15.77
2019-02-07,15.68
2019-02-06,15.66
2019-02-05,15.79
2019-02-04,15.84
2019-02-01,15.88
2019-01-31,16.02
2019-01-29,15.79
2019-01-28,15.71
2019-01-25,15.64
2019-01-24,15.24
2019-01-23,15.32
2019-01-22,15.26
2019-01-18,15.33
2019-01-17,15.47
2019-01-16,15.56
2019-01-15,15.55
2019-01-14,15.61
2019-01-11,15.58
2019-01-10,15.56
2019-01-09,15.65
2019-01-08,15.63
2019-01-07,15.67
2019-01-04,15.70
2019-01-03,15.71
2019-01-02,15.54
2018-12-31,15.43
2018-12-28,15.33
2018-12-27,15.19
2018-12-26,15.00
2018-12-24,14.70
2018-12-21,14.58
2018-12-20,14.75
2018-12-19,14.70
2018-12-18,14.59
2018-12-17,14.64
2018-12-14,14.51
2018-12-13,14.73
2018-12-12,14.72
2018-12-11,14.50
2018-12-10,14.48
2018-12-07,14.57
2018-12-06,14.39
2018-12-05,14.46
2018-12-04,14.52
2018-12-03,14.38
2018-11-30,14.09
2018-11-29,14.27
2018-11-28,14.30
2018-11-27,14.06
2018-11-26,14.18
2018-11-23,14.22
2018-11-21,14.48
2018-11-20,14.25
2018-11-19,14.38
2018-11-16,14.36
2018-11-15,14.24
2018-11-14,14.05
2018-11-13,13.95
2018-11-12,13.97
2018-11-09,14.10
2018-11-08,14.39
2018-11-07,14.53
2018-11-06,14.46
2018-11-05,14.60
2018-11-02,14.71
2018-11-01,14.73
2018-10-31,14.23
2018-10-30,14.40
2018-10-29,14.38
2018-10-26,14.63
2018-10-25,14.56
2018-10-24,14.61
2018-10-23,14.73
2018-10-22,14.52
2018-10-19,14.58
2018-10-18,14.53
2018-10-17,14.59
2018-10-16,14.63
2018-10-15,14.66
2018-10-12,14.56
2018-10-11,14.54
2018-10-10,14.26
2018-10-09,14.33
2018-10-08,14.26
2018-10-05,14.57
2018-10-04,14.51
2018-10-03,14.59
2018-10-02,14.61
2018-10-01,14.42
2018-09-28,14.62
2018-09-27,14.20
2018-09-26,14.30
2018-09-25,14.40
2018-09-24,14.25
2018-09-21,14.27
2018-09-20,14.21
2018-09-19,14.19
2018-09-18,14.08
2018-09-17,14.12
2018-09-14,14.04
2018-09-13,14.14
2018-09-12,14.19
2018-09-11,14.05
2018-09-10,14.08
2018-09-07,14.07
2018-09-06,14.07
2018-09-05,14.12
2018-09-04,14.06
2018-08-31,14.44
2018-08-30,14.48
2018-08-29,14.69
2018-08-28,14.77
2018-08-27,14.84
2018-08-24,14.78
2018-08-23,14.53
2018-08-22,14.73
2018-08-21,14.75
2018-08-20,14.65
2018-08-17,14.62
2018-08-16,14.70
2018-08-15,14.42
2018-08-14,15.03
2018-08-13,14.95
2018-08-10,15.27
2018-08-09,15.42
2018-08-08,15.38
2018-08-07,15.32
2018-08-06,15.29
2018-08-03,15.41
2018-08-02,15.33
2018-08-01,15.39
2018-07-31,15.50
2018-07-30,15.47
2018-07-27,15.44
2018-07-26,15.44
2018-07-25,15.53
2018-07-24,15.46
2018-07-23,15.37
2018-07-20,15.49
2018-07-19,15.34
2018-07-18,15.50
2018-07-17,15.55
2018-07-16,15.73
2018-07-13,15.74
2018-07-12,15.90
2018-07-11,15.73
2018-07-10,16.00
2018-07-09,16.05
2018-07-06,15.98
2018-07-05,16.01
2018-07-03,15.95
2018-07-02,15.74
2018-06-29,16.10
2018-06-28,15.95
2018-06-27,16.15
2018-06-26,16.24
2018-06-25,16.31
2018-06-22,16.44
2018-06-21,16.31
2018-06-20,16.29
2018-06-19,16.30
2018-06-18,16.41
2018-06-15,16.45
2018-06-14,17.23
2018-06-13,16.95
2018-06-12,16.85
2018-06-11,16.91
2018-06-08,16.69
2018-06-07,16.77
2018-06-06,16.64
2018-06-05,16.49
2018-06-04,16.38
2018-06-01,16.39
2018-05-31,16.40
2018-05-30,16.48
2018-05-29,16.31
2018-05-25,16.48
2018-05-24,16.62
2018-05-23,16.34
2018-05-22,16.51
2018-05-21,16.45
2018-05-18,16.39
2018-05-17,16.41
2018-05-16,16.30
2018-05-15,16.19
2018-05-14,16.57
2018-05-11,16.68
2018-05-10,16.68
2018-05-09,16.46
2018-05-08,16.39
2018-05-07,16.41
2018-05-04,16.43
2018-05-03,16.36
2018-05-02,16.29
2018-05-01,16.04
2018-04-30,16.31
2018-04-27,16.41
2018-04-26,16.49
2018-04-25,16.49
2018-04-24,16.69
2018-04-23,16.57
2018-04-20,17.15
2018-04-19,17.22
2018-04-18,17.23
2018-04-17,16.77
2018-04-16,16.66
2018-04-13,16.63
2018-04-12,16.44
2018-04-11,16.74
2018-04-10,16.57
2018-04-09,16.50
2018-04-06,16.33
2018-04-05,16.32
2018-04-04,16.21
2018-04-03,16.35
2018-04-02,16.63
2018-03-29,16.22
2018-03-28,16.20
2018-03-27,16.50
2018-03-26,16.63
2018-03-23,16.53
2018-03-22,16.33
2018-03-21,16.36
2018-03-20,16.12
2018-03-19,16.25
2018-03-16,16.20
2018-03-15,16.35
2018-03-14,16.47
2018-03-13,16.56
2018-03-12,16.47
2018-03-09,16.55
2018-03-08,16.44
2018-03-07,16.43
2018-03-06,16.71
2018-03-05,16.34
2018-03-02,16.39
2018-03-01,16.20
2018-02-28,16.32
2018-02-27,16.35
2018-02-26,16.54
2018-02-23,16.48
2018-02-22,16.58
2018-02-21,16.60
2018-02-20,16.43
2018-02-16,16.70
2018-02-15,16.78
2018-02-14,16.86
2018-02-13,16.51
2018-02-12,16.55
2018-02-09,16.12
2018-02-08,16.31
2018-02-07,16.21
2018-02-06,16.55
2018-02-05,16.64
2018-02-02,16.68
2018-02-01,17.12
2018-01-31,17.20
2018-01-30,17.01
2018-01-29,17.07
2018-01-26,17.38
2018-01-25,17.55
2018-01-24,17.43
2018-01-23,16.86
2018-01-22,16.93
2018-01-19,16.98
2018-01-18,16.89
2018-01-17,17.11
2018-01-16,17.12
2018-01-12,17.07
2018-01-11,16.89
2018-01-10,16.96
2018-01-09,16.94
2018-01-08,17.06
2018-01-05,17.20
2018-01-04,17.19
2018-01-03,17.18
2018-01-02,17.12
2017-12-29,17.06
2017-12-28,16.83
2017-12-27,16.62
2017-12-26,16.52
2017-12-22,16.36
2017-12-21,16.15
2017-12-20,16.19
2017-12-19,16.07
2017-12-18,16.12
2017-12-15,15.98
2017-12-14,15.85
2017-12-13,15.78
2017-12-12,15.58
2017-12-11,15.70
2017-12-08,15.74
2017-12-07,15.71
2017-12-06,15.87
2017-12-05,15.97
2017-12-04,16.28
2017-12-01,16.30
2017-11-30,16.38
2017-11-29,16.46
2017-11-28,16.81
2017-11-27,17.01
2017-11-24,16.98
2017-11-22,17.10
2017-11-21,16.95
2017-11-20,16.83
2017-11-17,17.36
2017-11-16,17.06
2017-11-15,16.95
2017-11-14,17.05
2017-11-13,17.02
2017-11-10,16.84
2017-11-09,16.94
2017-11-08,17.11
2017-11-07,16.91
2017-11-06,17.20
2017-11-03,16.79
2017-11-02,17.09
2017-11-01,17.13
2017-10-31,16.64
2017-10-30,16.80
2017-10-27,16.71
2017-10-26,16.77
2017-10-25,16.88
2017-10-24,16.93
2017-10-23,17.04
2017-10-20,17.02
2017-10-19,17.20
2017-10-18,16.94
2017-10-17,16.99
2017-10-16,17.32
2017-10-13,17.36
2017-10-12,17.21
2017-10-11,17.08
2017-10-10,17.16
2017-10-09,16.92
2017-10-06,16.73
2017-10-05,16.58
2017-10-04,16.56
2017-10-03,16.58
2017-10-02,16.59
2017-09-29,16.61
2017-09-28,16.77
2017-09-27,16.75
2017-09-26,16.80
2017-09-25,17.06
2017-09-22,16.90
2017-09-21,16.94
2017-09-20,17.25
2017-09-19,17.20
2017-09-18,17.07
2017-09-15,17.61
2017-09-14,17.70
2017-09-13,17.77
2017-09-12,17.80
2017-09-11,17.81
2017-09-08,18.03
2017-09-07,18.02
2017-09-06,17.82
2017-09-05,17.84
2017-09-01,17.72
2017-08-31,17.48
2017-08-30,17.40
2017-08-29,17.42
2017-08-28,17.43
2017-08-25,17.04
2017-08-24,16.95
2017-08-23,17.03
2017-08-22,16.96
2017-08-21,17.00
2017-08-18,16.98
2017-08-17,17.03
2017-08-16,16.92
2017-08-15,16.69
2017-08-14,17.09
2017-08-11,17.04
2017-08-10,17.04
2017-08-09,16.83
2017-08-08,16.36
2017-08-07,16.22
2017-08-04,16.22
2017-08-03,16.59
2017-08-02,16.70
2017-08-01,16.73
2017-07-31,16.75
2017-07-28,16.66
2017-07-27,16.53
2017-07-26,16.41
2017-07-25,16.50
2017-07-24,16.40
2017-07-21,16.41
2017-07-20,16.30
2017-07-19,16.25
2017-07-18,16.22
2017-07-17,16.05
2017-07-14,15.88
2017-07-13,15.64
2017-07-12,15.84
2017-07-11,15.70
2017-07-10,15.58
2017-07-07,15.37
2017-07-06,15.93
2017-07-05,15.84
2017-07-03,16.04
2017-06-30,16.57
2017-06-29,16.59
2017-06-28,16.71
2017-06-27,16.58
2017-06-26,16.56
2017-06-23,16.63
2017-06-22,16.49
2017-06-21,16.36
2017-06-20,16.40
2017-06-19,16.48
2017-06-16,16.64
2017-06-15,16.69
2017-06-14,17.11
2017-06-13,16.74
2017-06-12,16.91
2017-06-09,17.19
2017-06-08,17.38
2017-06-07,17.59
2017-06-06,17.68
2017-06-05,17.55
2017-06-02,17.49
2017-06-01,17.24
2017-05-31,17.37
2017-05-30,17.39
2017-05-26,17.28
2017-05-25,17.15
2017-05-24,17.08
2017-05-23,17.09
2017-05-22,17.14
2017-05-19,16.75
2017-05-18,16.62
2017-05-17,16.85
2017-05-16,16.69
2017-05-15,16.56
2017-05-12,16.35
2017-05-11,16.21
2017-05-10,16.15
2017-05-09,16.01
2017-05-08,16.20
2017-05-05,16.21
2017-05-04,16.24
2017-05-03,16.49
2017-05-02,16.77
2017-05-01,16.78
2017-04-28,17.19
2017-04-27,17.27
2017-04-26,17.35
2017-04-25,17.58
2017-04-24,17.85
2017-04-21,17.83
2017-04-20,17.99
2017-04-19,18.14
2017-04-18,18.25
2017-04-17,18.49
2017-04-13,18.49
2017-04-12,18.28
2017-04-11,18.23
2017-04-10,17.89
2017-04-07,18.13
2017-04-06,18.23
2017-04-05,18.17
2017-04-04,18.30
2017-04-03,18.19
2017-03-31,18.23
2017-03-30,18.18
2017-03-29,18.23
2017-03-28,18.23
2017-03-27,18.08
2017-03-24,17.72
2017-03-23,17.56
2017-03-22,17.55
2017-03-21,17.55
2017-03-20,17.40
2017-03-17,17.38
2017-03-16,17.30
2017-03-15,16.89
2017-03-14,16.89
2017-03-13,16.93
2017-03-10,16.88
2017-03-09,16.99
2017-03-08,17.26
2017-03-07,17.49
2017-03-06,17.73
2017-03-03,17.70
2017-03-02,17.70
2017-03-01,18.44
2017-02-28,18.42
2017-02-27,18.35
2017-02-24,18.34
2017-02-23,18.11
2017-02-22,17.94
2017-02-21,17.99
2017-02-17,18.02
2017-02-16,18.06
2017-02-15,17.95
2017-02-14,17.87
2017-02-13,17.80
2017-02-10,17.91
2017-02-09,17.72
2017-02-08,17.68
2017-02-07,17.73
2017-02-06,17.67
2017-02-03,17.45
2017-02-02,17.40
2017-02-01,17.42
2017-01-31,17.51
2017-01-30,17.12
2017-01-27,17.10
2017-01-26,16.81
2017-01-25,16.94
2017-01-24,17.15
2017-01-23,17.15
2017-01-20,17.00
2017-01-19,16.97
2017-01-18,17.23
2017-01-17,17.10
2017-01-13,16.72
2017-01-12,16.78
2017-01-11,16.78
2017-01-10,16.80
2017-01-09,16.63
2017-01-06,16.47
2017-01-05,16.58
2017-01-04,16.50
2017-01-03,16.36
2016-12-30,15.94
2016-12-29,16.16
2016-12-28,15.99
2016-12-27,15.93
2016-12-23,15.70
2016-12-22,15.81
2016-12-21,15.92
2016-12-20,16.05
2016-12-19,16.03
2016-12-16,16.15
2016-12-15,15.90
2016-12-14,17.15
2016-12-13,16.91
2016-12-12,17.12
2016-12-09,16.90
2016-12-08,17.02
2016-12-07,17.20
2016-12-06,16.74
2016-12-05,16.82
2016-12-02,16.75
2016-12-01,16.43
2016-11-30,16.41
2016-11-29,16.66
2016-11-28,16.58
2016-11-25,16.46
2016-11-23,16.38
2016-11-22,16.62
2016-11-21,16.51
2016-11-18,16.61
2016-11-17,16.76
2016-11-16,16.91
2016-11-15,17.03
2016-11-14,16.88
2016-11-11,17.36
2016-11-10,18.72
2016-11-09,18.36
2016-11-08,18.33
2016-11-07,18.12
2016-11-04,18.34
2016-11-03,18.38
2016-11-02,18.66
2016-11-01,18.39
2016-10-31,17.76
2016-10-27,17.60
2016-10-26,17.59
2016-10-25,17.74
2016-10-24,17.56
2016-10-21,17.45
2016-10-20,17.50
2016-10-19,17.62
2016-10-18,17.59
2016-10-17,17.43
2016-10-14,17.39
2016-10-13,17.41
2016-10-12,17.45
2016-10-11,17.46
2016-10-10,17.61
2016-10-07,17.32
2016-10-06,17.29
2016-10-05,17.63
2016-10-04,17.71
2016-10-03,18.80
2016-09-30,19.14
2016-09-29,19.11
2016-09-28,19.04
2016-09-27,19.09
2016-09-26,19.52
2016-09-23,19.73
2016-09-22,20.02
2016-09-21,19.69
2016-09-20,19.20
2016-09-19,19.21
2016-09-16,18.78
2016-09-15,18.96
2016-09-14,18.98
2016-09-13,18.89
2016-09-12,18.91
2016-09-09,19.28
2016-09-08,19.59
2016-09-07,19.76
2016-09-06,20.05
2016-09-02,19.28
2016-09-01,18.86
2016-08-31,18.62
2016-08-30,18.58
2016-08-29,18.76
2016-08-26,18.64
2016-08-25,18.48
2016-08-24,18.55
2016-08-23,18.91
2016-08-22,18.84
2016-08-19,19.30
2016-08-18,19.72
2016-08-17,19.63
2016-08-16,19.85
2016-08-15,19.82
2016-08-12,19.67
2016-08-11,19.98
2016-08-10,20.13
2016-08-09,19.81
2016-08-08,19.77
2016-08-05,19.78
2016-08-04,20.41
2016-08-03,20.44
2016-08-02,20.67
2016-08-01,20.46
2016-07-29,20.31
2016-07-28,20.16
2016-07-27,19.96
2016-07-26,19.66
2016-07-25,19.61
2016-07-22,19.66
2016-07-21,19.78
2016-07-20,19.58
2016-07-19,19.98
2016-07-18,20.04
2016-07-15,20.12
2016-07-14,20.28
2016-07-13,20.37
2016-07-12,20.13
2016-07-11,20.26
2016-07-08,20.06
2016-07-07,19.80
2016-07-06,20.16
2016-07-05,19.87
2016-07-01,19.54
2016-06-30,18.58
2016-06-29,18.36
2016-06-28,17.84
2016-06-27,17.74
2016-06-24,17.79
2016-06-23,17.35
2016-06-22,17.30
2016-06-21,17.31
2016-06-20,17.50
2016-06-17,17.40
2016-06-16,17.59
2016-06-15,17.49
2016-06-14,17.41
2016-06-13,17.43
2016-06-10,17.32
2016-06-09,17.25
2016-06-08,16.97
2016-06-07,16.38
2016-06-06,16.43
2016-06-03,16.35
2016-06-02,16.00
2016-06-01,15.91
2016-05-31,15.97
2016-05-27,16.25
2016-05-26,16.34
2016-05-25,16.25
2016-05-24,16.24
2016-05-23,16.41
2016-05-20,16.52
2016-05-19,16.48
2016-05-18,17.12
2016-05-17,17.23
2016-05-16,17.14
2016-05-13,17.11
2016-05-12,17.09
2016-05-11,17.30
2016-05-10,17.07
2016-05-09,17.07
2016-05-06,17.51
2016-05-05,17.30
2016-05-04,17.28
2016-05-03,17.47
2016-05-02,17.66
2016-04-29,17.79
2016-04-28,17.55
2016-04-27,17.29
2016-04-26,17.11
2016-04-25,17.00
2016-04-22,16.90
2016-04-21,17.09
2016-04-20,17.13
2016-04-19,16.97
2016-04-18,16.25
2016-04-15,16.31
2016-04-14,16.17
2016-04-13,16.32
2016-04-12,16.22
2016-04-11,15.97
2016-04-08,15.38
2016-04-07,15.16
2016-04-06,15.05
2016-04-05,15.11
2016-04-04,14.94
2016-04-01,15.04
2016-03-31,15.46
2016-03-30,15.21
2016-03-29,15.24
2016-03-28,15.19
2016-03-24,15.19
2016-03-23,15.26
2016-03-22,15.88
2016-03-21,15.84
2016-03-18,15.81
2016-03-17,16.02
2016-03-16,15.21
2016-03-15,15.26
2016-03-14,15.52
2016-03-11,15.61
2016-03-10,15.55
2016-03-09,15.36
2016-03-08,15.38
2016-03-07,15.62
2016-03-04,15.68
2016-03-03,15.13
2016-03-02,15.00
2016-03-01,14.73
2016-02-29,14.90
2016-02-26,14.69
2016-02-25,15.16
2016-02-24,15.29
2016-02-23,15.23
2016-02-22,15.18
2016-02-19,15.37
2016-02-18,15.43
2016-02-17,15.37
2016-02-16,15.33
2016-02-15,15.38
2016-02-12,15.79
2016-02-11,15.79
2016-02-10,15.28
2016-02-09,15.44
2016-02-08,15.42
2016-02-05,14.76
2016-02-04,14.84
2016-02-03,14.72
2016-02-02,14.28
2016-02-01,14.33
2016-01-29,14.23
2016-01-28,14.22
2016-01-27,14.44
2016-01-26,14.54
2016-01-25,14.24
2016-01-22,14.04
2016-01-21,14.08
2016-01-20,14.15
2016-01-19,14.11
2016-01-18,14.10
2016-01-15,13.88
2016-01-14,13.74
2016-01-13,14.14
2016-01-12,13.74
2016-01-11,13.86
2016-01-08,13.91
2016-01-07,14.34
2016-01-06,13.96
2016-01-05,13.95
2016-01-04,13.82
2015-12-31,13.78
2015-12-30,13.81
2015-12-29,13.92
2015-12-28,13.87
2015-12-24,14.37
2015-12-23,14.28
2015-12-22,14.30
2015-12-21,14.30
2015-12-18,14.08
2015-12-17,13.68
2015-12-16,14.22
2015-12-15,13.74
2015-12-14,13.67
2015-12-11,13.86
2015-12-10,14.09
2015-12-09,14.16
2015-12-08,14.09
2015-12-07,14.31
2015-12-04,14.51
2015-12-03,14.05
2015-12-02,13.98
2015-12-01,14.05
2015-11-30,14.05
2015-11-27,14.01
2015-11-26,14.24
2015-11-25,14.17
2015-11-24,14.17
2015-11-23,14.04
2015-11-20,14.11
2015-11-19,14.24
2015-11-18,14.08
2015-11-17,14.17
2015-11-16,14.22
2015-11-13,14.20
2015-11-12,14.22
2015-11-11,14.26
2015-11-10,14.36
2015-11-09,14.42
2015-11-06,14.70
2015-11-05,14.99
2015-11-04,15.06
2015-11-03,15.24
2015-11-02,15.41
2015-10-30,15.57
2015-10-29,15.54
2015-10-28,16.29
2015-10-27,15.86
2015-10-26,15.90
2015-10-23,15.82
2015-10-22,15.82
2015-10-21,15.70
2015-10-20,15.90
2015-10-19,15.83
2015-10-16,16.10
2015-10-15,16.15
2015-10-14,16.10
2015-10-13,15.90
2015-10-12,15.86
2015-10-09,15.81
2015-10-08,15.76
2015-10-07,16.09
2015-10-06,15.98
2015-10-05,15.70
2015-10-02,15.26
2015-10-01,14.51
2015-09-30,14.51
2015-09-29,14.57
2015-09-28,14.54
2015-09-25,15.11
2015-09-24,15.12
2015-09-23,14.78
2015-09-22,14.75
2015-09-21,15.22
2015-09-18,15.15
2015-09-17,14.97
2015-09-16,14.88
2015-09-15,14.32
2015-09-14,14.36
2015-09-11,14.49
2015-09-10,14.63
2015-09-09,14.57
2015-09-08,14.75
2015-09-07,14.48
2015-09-04,14.54
2015-09-03,14.70
2015-09-02,14.66
2015-09-01,14.61
2015-08-31,14.58
2015-08-28,14.54
2015-08-27,14.42
2015-08-26,14.04
2015-08-25,14.61
2015-08-24,14.76
2015-08-21,15.30
2015-08-20,15.52
2015-08-19,15.18
2015-08-18,14.79
2015-08-17,15.29
2015-08-14,15.21
2015-08-13,15.40
2015-08-12,15.47
2015-08-11,15.28
2015-08-10,15.29
2015-08-07,14.82
2015-08-06,14.67
2015-08-05,14.55
2015-08-04,14.55
2015-08-03,14.52
2015-07-31,14.75
2015-07-30,14.69
2015-07-29,14.73
2015-07-28,14.63
2015-07-27,14.59
2015-07-24,14.48
2015-07-23,14.68
2015-07-22,14.71
2015-07-21,14.77
2015-07-20,14.74
2015-07-17,14.82
2015-07-16,14.96
2015-07-15,15.03
2015-07-14,15.29
2015-07-13,15.44
2015-07-10,15.47
2015-07-09,15.35
2015-07-08,15.15
2015-07-07,14.95
2015-07-06,15.73
2015-07-03,15.62
2015-07-02,15.54
2015-07-01,15.55
2015-06-30,15.55
2015-06-29,15.66
2015-06-26,15.73
2015-06-25,15.81
2015-06-24,15.85
2015-06-23,15.73
2015-06-22,16.14
2015-06-19,16.10
2015-06-18,16.15
2015-06-17,15.94
2015-06-16,15.96
2015-06-15,16.08
2015-06-12,15.82
2015-06-11,15.95
2015-06-10,15.95
2015-06-09,15.95
2015-06-08,15.95
2015-06-05,15.97
2015-06-04,16.09
2015-06-03,16.46
2015-06-02,16.78
2015-06-01,16.66
2015-05-29,16.68
2015-05-28,16.65
2015-05-27,16.63
2015-05-26,16.73
2015-05-25,17.08
2015-05-22,17.03
2015-05-21,17.11
2015-05-20,17.09
2015-05-19,17.05
2015-05-18,17.71
2015-05-15,17.55
2015-05-14,17.45
2015-05-13,17.32
2015-05-12,16.51
2015-05-11,16.42
2015-05-08,16.57
2015-05-07,16.40
2015-05-06,16.61
2015-05-05,16.68
2015-05-04,16.55
2015-05-01,16.24
2015-04-30,16.26
2015-04-29,16.81
2015-04-28,16.73
2015-04-27,16.54
2015-04-24,15.78
2015-04-23,15.97
2015-04-22,15.94
2015-04-21,16.15
2015-04-20,16.03
2015-04-17,16.37
2015-04-16,16.43
2015-04-15,16.42
2015-04-14,16.30
2015-04-13,16.43
2015-04-10,16.52
2015-04-09,16.31
2015-04-08,16.59
2015-04-07,16.98
2015-04-06,17.25
2015-04-02,16.83
2015-04-01,17.19
2015-03-31,16.73
2015-03-30,16.80
2015-03-27,17.20
2015-03-26,17.12
2015-03-25,16.98
2015-03-24,16.96
2015-03-23,16.87
2015-03-20,16.87
2015-03-19,16.10
2015-03-18,15.53
2015-03-17,15.56
2015-03-16,15.60
2015-03-13,15.48
2015-03-12,15.49
2015-03-11,15.35
2015-03-10,15.61
2015-03-09,15.76
2015-03-06,15.78
2015-03-05,16.13
2015-03-04,16.13
2015-03-03,16.26
2015-03-02,16.41
2015-02-27,16.51
2015-02-26,16.58
2015-02-25,16.43
2015-02-24,16.18
2015-02-23,16.25
2015-02-20,16.26
2015-02-19,16.37
2015-02-18,16.25
2015-02-17,16.36
2015-02-16,17.04
2015-02-13,17.28
2015-02-12,16.78
2015-02-11,16.75
2015-02-10,16.86
2015-02-09,17.05
2015-02-06,16.68
2015-02-05,17.18
2015-02-04,17.38
2015-02-03,17.30
2015-02-02,17.23
2015-01-30,17.19
2015-01-29,16.76
2015-01-28,18.07
2015-01-27,18.07
2015-01-26,17.97
2015-01-23,18.28
2015-01-22,18.35
2015-01-21,18.18
2015-01-20,17.95
2015-01-19,17.77
2015-01-16,17.74
2015-01-15,17.07
2015-01-14,16.96
2015-01-13,17.12
2015-01-12,16.54
2015-01-09,16.39
2015-01-08,16.35
2015-01-07,16.51
2015-01-06,16.60
2015-01-05,16.18
2015-01-02,15.73
2014-12-31,15.56
2014-12-30,16.24
2014-12-29,15.74
2014-12-26,16.11
2014-12-24,15.67
2014-12-23,15.73
2014-12-22,15.65
2014-12-19,15.99
2014-12-18,15.89
2014-12-17,15.89
2014-12-16,15.71
2014-12-15,16.53
2014-12-12,17.02
2014-12-11,17.06
2014-12-10,17.13
2014-12-09,17.08
2014-12-08,16.22
2014-12-05,16.20
2014-12-04,16.52
2014-12-03,16.36
2014-12-02,16.41
2014-12-01,16.65
2014-11-28,15.49
2014-11-26,16.55
2014-11-25,16.55
2014-11-24,16.38
2014-11-21,16.39
2014-11-20,16.13
2014-11-19,16.29
2014-11-18,16.17
2014-11-17,16.05
2014-11-14,16.31
2014-11-13,15.62
2014-11-12,15.62
2014-11-11,15.66
2014-11-10,15.66
2014-11-07,15.70
2014-11-06,15.39
2014-11-05,15.42
2014-11-04,15.93
2014-11-03,16.18
2014-10-31,16.08
2014-10-30,16.39
2014-10-29,17.22
2014-10-28,17.18
2014-10-27,17.11
2014-10-24,17.14
2014-10-23,17.11
2014-10-22,17.19
2014-10-21,17.50
2014-10-20,17.30
2014-10-17,17.28
2014-10-16,17.39
2014-10-15,17.41
2014-10-14,17.35
2014-10-13,17.29
2014-10-10,17.25
2014-10-09,17.37
2014-10-08,17.02
2014-10-07,17.19
2014-10-06,17.18
2014-10-03,16.78
2014-10-02,17.00
2014-10-01,17.21
2014-09-30,17.01
2014-09-29,17.52
2014-09-26,17.48
2014-09-25,17.38
2014-09-24,17.64
2014-09-23,17.71
2014-09-22,17.70
2014-09-19,17.78
2014-09-18,18.45
2014-09-17,18.66
2014-09-16,18.66
2014-09-15,18.56
2014-09-12,18.55
2014-09-11,18.53
2014-09-10,18.86
2014-09-09,18.84
2014-09-08,18.89
2014-09-05,19.08
2014-09-04,19.06
2014-09-03,19.11
2014-09-02,19.07
2014-09-01,19.39
2014-08-29,19.40
2014-08-28,19.53
2014-08-27,19.39
2014-08-26,19.37
2014-08-25,19.34
2014-08-22,19.36
2014-08-21,19.39
2014-08-20,19.47
2014-08-19,19.39
2014-08-18,19.60
2014-08-15,19.49
2014-08-14,19.87
2014-08-13,19.81
2014-08-12,19.87
2014-08-11,20.06
2014-08-08,19.90
2014-08-07,19.95
2014-08-06,19.98
2014-08-05,19.79
2014-08-04,20.19
2014-08-01,20.33
2014-07-31,20.37
2014-07-30,20.56
2014-07-29,20.55
2014-07-28,20.53
2014-07-25,20.59
2014-07-24,20.38
2014-07-23,20.95
2014-07-22,20.96
2014-07-21,20.97
2014-07-18,20.84
2014-07-17,21.09
2014-07-16,20.73
2014-07-15,20.84
2014-07-14,20.86
2014-07-11,21.41
2014-07-10,21.46
2014-07-09,21.02
2014-07-08,20.97
2014-07-07,20.97
2014-07-04,21.16
2014-07-03,21.09
2014-07-02,21.25
2014-07-01,21.07
2014-06-30,21.01
2014-06-27,21.08
2014-06-26,21.10
2014-06-25,21.11
2014-06-24,21.04
2014-06-23,20.91
2014-06-20,20.94
2014-06-19,20.64
2014-06-18,19.77
2014-06-17,19.72
2014-06-16,19.70
2014-06-13,19.64
2014-06-12,19.52
2014-06-11,19.15
2014-06-10,19.15
2014-06-09,19.05
2014-06-06,18.96
2014-06-05,19.05
2014-06-04,18.77
2014-06-03,18.73
2014-06-02,18.71
2014-05-30,18.65
2014-05-29,18.98
2014-05-28,19.04
2014-05-27,19.04
2014-05-26,19.37
2014-05-23,19.39
2014-05-22,19.49
2014-05-21,19.31
2014-05-20,19.37
2014-05-19,19.32
2014-05-16,19.29
2014-05-15,19.45
2014-05-14,19.73
2014-05-13,19.50
2014-05-12,19.50
2014-05-09,19.08
2014-05-08,19.18
2014-05-07,19.30
2014-05-06,19.60
2014-05-05,19.52
2014-05-02,19.49
2014-05-01,18.99
2014-04-30,19.12
2014-04-29,19.49
2014-04-28,19.59
2014-04-25,19.68
2014-04-24,19.68
2014-04-23,19.43
2014-04-22,19.35
2014-04-21,19.34
2014-04-17,19.59
2014-04-16,19.62
2014-04-15,19.48
2014-04-14,20.00
2014-04-11,19.93
2014-04-10,20.08
2014-04-09,19.75
2014-04-08,20.04
2014-04-07,19.89
2014-04-04,19.93
2014-04-03,19.79
2014-04-02,20.03
2014-04-01,19.67
2014-03-31,19.73
2014-03-28,19.77
2014-03-27,19.69
2014-03-26,19.76
2014-03-25,19.95
2014-03-24,20.04
2014-03-21,20.29
2014-03-20,20.40
2014-03-19,20.80
2014-03-18,20.84
2014-03-17,21.25
2014-03-14,21.38
2014-03-13,21.17
2014-03-12,21.33
2014-03-11,20.78
2014-03-10,20.88
2014-03-07,20.90
2014-03-06,21.54
2014-03-05,21.24
2014-03-04,21.19
2014-03-03,21.45
2014-02-28,21.20
2014-02-27,21.31
2014-02-26,21.25
2014-02-25,21.96
2014-02-24,22.05
2014-02-21,21.78
2014-02-20,21.68
2014-02-19,21.84
2014-02-18,21.89
2014-02-17,21.43
2014-02-14,21.41
2014-02-13,20.39
2014-02-12,20.33
2014-02-11,20.14
2014-02-10,20.10
2014-02-07,19.92
2014-02-06,19.91
2014-02-05,19.79
2014-02-04,19.40
2014-02-03,19.39
2014-01-31,19.11
2014-01-30,19.11
2014-01-29,19.53
2014-01-28,19.48
2014-01-27,19.77
2014-01-24,19.74
2014-01-23,19.99
2014-01-22,19.81
2014-01-21,19.84
2014-01-20,20.31
2014-01-17,20.27
2014-01-16,20.02
2014-01-15,20.10
2014-01-14,20.25
2014-01-13,20.36
2014-01-10,20.20
2014-01-09,19.66
2014-01-08,19.52
2014-01-07,19.77
2014-01-06,20.08
2014-01-03,20.18
2014-01-02,20.10
2013-12-31,19.34
2013-12-30,19.58
2013-12-27,20.01
2013-12-26,19.89
2013-12-24,19.45
2013-12-23,19.38
2013-12-20,19.42
2013-12-19,19.14
2013-12-18,20.01
2013-12-17,19.79
2013-12-16,20.05
2013-12-13,19.56
2013-12-12,19.40
2013-12-11,20.30
2013-12-10,20.26
2013-12-09,19.64
2013-12-06,19.46
2013-12-05,19.51
2013-12-04,19.77
2013-12-03,19.01
2013-12-02,19.23
2013-11-29,19.98
2013-11-28,19.68
2013-11-27,19.63
2013-11-26,19.85
2013-11-25,19.88
2013-11-22,19.86
2013-11-21,19.93
2013-11-20,20.05
2013-11-19,20.33
2013-11-18,20.35
2013-11-15,20.72
2013-11-14,20.71
2013-11-13,20.43
2013-11-12,20.77
2013-11-11,21.27
2013-11-08,21.31
2013-11-07,21.64
2013-11-06,21.75
2013-11-05,21.61
2013-11-04,21.68
2013-11-01,21.80
2013-10-31,21.83
2013-10-30,22.95
2013-10-29,22.46
2013-10-28,22.50
2013-10-25,22.60
2013-10-24,22.79
2013-10-23,22.58
2013-10-22,22.75
2013-10-21,22.23
2013-10-18,21.87
2013-10-17,21.90
2013-10-16,21.32
2013-10-15,21.15
2013-10-14,21.31
2013-10-11,21.21
2013-10-10,21.85
2013-10-09,21.85
2013-10-08,22.40
2013-10-07,22.34
2013-10-04,21.70
2013-10-03,21.74
2013-10-02,21.85
2013-10-01,21.12
2013-09-30,21.66
2013-09-27,21.78
2013-09-26,21.72
2013-09-25,21.84
2013-09-24,21.54
2013-09-23,21.80
2013-09-20,21.88
2013-09-19,23.24
2013-09-18,21.51
2013-09-17,21.73
2013-09-16,21.96
2013-09-13,21.67
2013-09-12,22.10
2013-09-11,23.12
2013-09-10,22.97
2013-09-09,23.67
2013-09-06,23.84
2013-09-05,23.21
2013-09-04,23.37
2013-09-03,24.38
2013-09-02,24.20
2013-08-30,23.46
2013-08-29,24.09
2013-08-28,24.39
2013-08-27,24.65
2013-08-26,24.01
2013-08-23,23.73
2013-08-22,23.03
2013-08-21,22.96
2013-08-20,23.07
2013-08-19,23.16
2013-08-16,23.32
2013-08-15,22.93
2013-08-14,21.78
2013-08-13,21.34
2013-08-12,21.33
2013-08-09,20.40
2013-08-08,20.18
2013-08-07,19.50
2013-08-06,19.52
2013-08-05,19.71
2013-08-02,19.90
2013-08-01,19.61
2013-07-31,19.62
2013-07-30,19.67
2013-07-29,19.85
2013-07-26,19.77
2013-07-25,20.15
2013-07-24,20.01
2013-07-23,20.25
2013-07-22,20.50
2013-07-19,19.45
2013-07-18,19.38
2013-07-17,19.41
2013-07-16,19.92
2013-07-15,19.83
2013-07-12,19.78
2013-07-11,19.94
2013-07-10,19.15
2013-07-09,19.12
2013-07-08,19.02
2013-07-05,18.73
2013-07-04,19.50
2013-07-03,19.69
2013-07-02,19.30
2013-07-01,19.56
2013-06-28,19.45
2013-06-27,18.53
2013-06-26,18.59
2013-06-25,19.53
2013-06-24,19.49
2013-06-21,19.96
2013-06-20,19.82
2013-06-19,21.62
2013-06-18,21.68
2013-06-17,21.76
2013-06-14,21.95
2013-06-13,21.58
2013-06-12,21.80
2013-06-11,21.64
2013-06-10,21.92
2013-06-07,21.74
2013-06-06,22.70
2013-06-05,22.46
2013-06-04,22.40
2013-06-03,22.71
2013-05-31,22.23
2013-05-30,22.67
2013-05-29,22.44
2013-05-28,22.18
2013-05-27,22.59
2013-05-24,22.48
2013-05-23,22.49
2013-05-22,22.46
2013-05-21,22.44
2013-05-20,22.57
2013-05-17,22.34
2013-05-16,22.64
2013-05-15,22.64
2013-05-14,23.36
2013-05-13,23.67
2013-05-10,23.63
2013-05-09,23.88
2013-05-08,23.89
2013-05-07,23.77
2013-05-06,23.92
2013-05-03,23.98
2013-05-02,23.79
2013-05-01,23.30
2013-04-30,24.14
2013-04-29,24.12
2013-04-26,23.76
2013-04-25,24.14
2013-04-24,22.83
2013-04-23,22.81
2013-04-22,23.32
2013-04-19,22.95
2013-04-18,23.24
2013-04-17,23.30
2013-04-16,23.62
2013-04-15,23.36
2013-04-12,26.32
2013-04-11,27.68
2013-04-10,27.64
2013-04-09,27.87
2013-04-08,27.12
2013-04-05,27.20
2013-04-04,26.75
2013-04-03,26.77
2013-04-02,27.22
2013-04-01,27.91
2013-03-28,28.29
2013-03-27,28.58
2013-03-26,28.65
2013-03-25,28.79
2013-03-22,28.67
2013-03-21,29.18
2013-03-20,28.78
2013-03-19,28.81
2013-03-18,28.84
2013-03-15,28.82
2013-03-14,28.77
2013-03-13,28.92
2013-03-12,29.13
2013-03-11,28.81
2013-03-08,28.91
2013-03-07,28.77
2013-03-06,28.76
2013-03-05,28.56
2013-03-04,28.46
2013-03-01,28.45
2013-02-28,28.39
2013-02-27,28.94
2013-02-26,29.26
2013-02-25,28.98
2013-02-22,28.46
2013-02-21,28.70
2013-02-20,28.61
2013-02-19,29.41
2013-02-18,30.05
2013-02-15,29.84
2013-02-14,30.34
2013-02-13,30.85
2013-02-12,31.00
2013-02-11,30.89
2013-02-08,31.43
2013-02-07,31.39
2013-02-06,31.86
2013-02-05,31.86
2013-02-04,31.70
2013-02-01,31.94
2013-01-31,31.34
2013-01-30,32.15
2013-01-29,31.16
2013-01-28,30.76
2013-01-25,31.18
2013-01-24,31.70
2013-01-23,32.41
2013-01-22,32.15
2013-01-21,31.84
2013-01-18,31.90
2013-01-17,31.79
2013-01-16,31.51
2013-01-15,31.50
2013-01-14,31.08
2013-01-11,30.37
2013-01-10,30.88
2013-01-09,30.20
2013-01-08,30.41
2013-01-07,30.03
2013-01-04,29.90
2013-01-03,30.67
2013-01-02,30.95
2012-12-31,30.17
2012-12-28,29.92
2012-12-27,30.18
2012-12-26,29.98
2012-12-24,29.84
2012-12-21,30.15
2012-12-20,29.62
2012-12-19,31.05
2012-12-18,31.61
2012-12-17,32.22
2012-12-14,32.24
2012-12-13,32.30
2012-12-12,33.72
2012-12-11,32.96
2012-12-10,33.32
2012-12-07,33.07
2012-12-06,33.06
2012-12-05,32.91
2012-12-04,32.76
2012-12-03,33.71
2012-11-30,33.23
2012-11-29,34.37
2012-11-28,33.71
2012-11-27,34.01
2012-11-26,34.17
2012-11-23,34.15
2012-11-22,33.41
2012-11-21,33.38
2012-11-20,32.96
2012-11-19,33.22
2012-11-16,32.39
2012-11-15,32.70
2012-11-14,32.91
2012-11-13,32.51
2012-11-12,32.55
2012-11-09,32.63
2012-11-08,32.27
2012-11-07,31.69
2012-11-06,32.06
2012-11-05,31.15
2012-11-02,30.88
2012-11-01,32.27
2012-10-31,32.34
2012-10-30,31.79
2012-10-29,31.73
2012-10-26,32.01
2012-10-25,32.05
2012-10-24,31.59
2012-10-23,31.77
2012-10-22,32.23
2012-10-19,32.07
2012-10-18,32.84
2012-10-17,33.20
2012-10-16,32.92
2012-10-15,32.71
2012-10-12,33.63
2012-10-11,34.05
2012-10-10,34.07
2012-10-09,33.95
2012-10-08,33.98
2012-10-05,34.52
2012-10-04,35.04
2012-10-03,34.63
2012-10-02,34.60
2012-10-01,34.88
2012-09-28,34.52
2012-09-27,34.59
2012-09-26,33.88
2012-09-25,33.89
2012-09-24,33.92
2012-09-21,34.57
2012-09-20,34.62
2012-09-19,34.52
2012-09-18,34.64
2012-09-17,34.30
2012-09-14,34.60
2012-09-13,34.72
2012-09-12,33.23
2012-09-11,33.51
2012-09-10,33.57
2012-09-07,33.63
2012-09-06,32.62
2012-09-05,32.27
2012-09-04,32.35
2012-09-03,32.08
2012-08-31,31.37
2012-08-30,30.37
2012-08-29,30.84
2012-08-28,30.87
2012-08-27,31.04
2012-08-24,30.61
2012-08-23,30.45
2012-08-22,29.55
2012-08-21,29.42
2012-08-20,28.59
2012-08-17,28.00
2012-08-16,28.20
2012-08-15,27.80
2012-08-14,27.76
2012-08-13,27.76
2012-08-10,28.05
2012-08-09,28.09
2012-08-08,28.07
2012-08-07,28.07
2012-08-06,27.85
2012-08-03,27.79
2012-08-02,26.98
2012-08-01,27.52
2012-07-31,27.89
2012-07-30,28.01
2012-07-27,27.48
2012-07-26,27.43
2012-07-25,27.45
2012-07-24,26.79
2012-07-23,27.02
2012-07-20,27.28
2012-07-19,27.19
2012-07-18,27.07
2012-07-17,27.29
2012-07-16,27.30
2012-07-13,27.34
2012-07-12,27.14
2012-07-11,27.00
2012-07-10,26.85
2012-07-09,27.41
2012-07-06,26.89
2012-07-05,27.64
2012-07-04,28.09
2012-07-03,28.24
2012-07-02,27.47
2012-06-29,27.58
2012-06-28,26.25
2012-06-27,26.94
2012-06-26,27.04
2012-06-25,27.52
2012-06-22,26.66
2012-06-21,26.83
2012-06-20,28.38
2012-06-19,28.36
2012-06-18,28.66
2012-06-15,28.73
2012-06-14,28.40
2012-06-13,28.93
2012-06-12,28.94
2012-06-11,28.61
2012-06-08,28.46
2012-06-07,28.52
2012-06-06,29.48
2012-06-05,28.39
2012-06-04,27.99
2012-06-01,28.50
2012-05-31,27.74
2012-05-30,27.96
2012-05-29,27.77
2012-05-28,28.41
2012-05-25,28.37
2012-05-24,28.14
2012-05-23,27.51
2012-05-22,28.16
2012-05-21,28.30
2012-05-18,28.69
2012-05-17,28.00
2012-05-16,27.17
2012-05-15,28.05
2012-05-14,28.32
2012-05-11,28.86
2012-05-10,29.14
2012-05-09,29.20
2012-05-08,29.41
2012-05-07,30.07
2012-05-04,30.38
2012-05-03,29.96
2012-05-02,30.59
2012-05-01,30.88
2012-04-30,30.96
2012-04-27,31.35
2012-04-26,31.21
2012-04-25,30.35
2012-04-24,30.74
2012-04-23,30.52
2012-04-20,31.64
2012-04-19,31.77
2012-04-18,31.48
2012-04-17,31.66
2012-04-16,31.36
2012-04-13,31.38
2012-04-12,32.52
2012-04-11,31.51
2012-04-10,31.67
2012-04-09,31.51
2012-04-05,31.72
2012-04-04,31.03
2012-04-03,33.25
2012-04-02,33.08
2012-03-30,32.47
2012-03-29,31.98
2012-03-28,31.82
2012-03-27,32.60
2012-03-26,32.73
2012-03-23,32.25
2012-03-22,31.32
2012-03-21,32.20
2012-03-20,31.80
2012-03-19,32.93
2012-03-16,32.57
2012-03-15,32.69
2012-03-14,32.15
2012-03-13,33.54
2012-03-12,33.37
2012-03-09,34.17
2012-03-08,33.79
2012-03-07,33.54
2012-03-06,32.74
2012-03-05,33.65
2012-03-02,34.48
2012-03-01,35.61
2012-02-29,34.58
2012-02-28,37.14
2012-02-27,35.52
2012-02-24,35.33
2012-02-23,35.54
2012-02-22,34.24
2012-02-21,34.41
2012-02-20,33.52
2012-02-17,33.20
2012-02-16,33.35
2012-02-15,33.39
2012-02-14,33.33
2012-02-13,33.70
2012-02-10,33.58
2012-02-09,33.88
2012-02-08,33.67
2012-02-07,34.16
2012-02-06,33.72
2012-02-03,33.73
2012-02-02,34.15
2012-02-01,33.78
2012-01-31,33.23
2012-01-30,33.50
2012-01-27,33.76
2012-01-26,33.71
2012-01-25,33.09
2012-01-24,31.93
2012-01-23,32.23
2012-01-20,31.65
2012-01-19,30.48
2012-01-18,30.51
2012-01-17,30.11
2012-01-16,29.50
2012-01-13,29.49
2012-01-12,30.09
2012-01-11,29.86
2012-01-10,29.78
2012-01-09,28.75
2012-01-06,28.65
2012-01-05,29.27
2012-01-04,29.06
2012-01-03,29.53
2012-01-02,27.88
2011-12-30,27.88
2011-12-29,27.27
2011-12-28,27.19
2011-12-27,28.70
2011-12-26,29.05
2011-12-23,29.05
2011-12-22,29.00
2011-12-21,29.20
2011-12-20,29.50
2011-12-19,28.82
2011-12-16,29.61
2011-12-15,29.23
2011-12-14,28.88
2011-12-13,31.20
2011-12-12,30.93
2011-12-09,32.17
2011-12-08,31.47
2011-12-07,32.55
2011-12-06,32.67
2011-12-05,32.31
2011-12-02,32.62
2011-12-01,32.70
2011-11-30,32.73
2011-11-29,31.85
2011-11-28,32.16
2011-11-25,31.01
2011-11-24,31.62
2011-11-23,31.88
2011-11-22,32.95
2011-11-21,31.11
2011-11-18,32.41
2011-11-17,31.49
2011-11-16,33.81
2011-11-15,34.45
2011-11-14,34.01
2011-11-11,34.67
2011-11-10,34.09
2011-11-09,34.35
2011-11-08,35.14
2011-11-07,34.81
2011-11-04,34.07
2011-11-03,34.49
2011-11-02,33.93
2011-11-01,32.72
2011-10-31,34.34
2011-10-28,35.27
2011-10-27,35.10
2011-10-26,33.29
2011-10-25,33.03
2011-10-24,31.62
2011-10-21,31.17
2011-10-20,30.27
2011-10-19,31.25
2011-10-18,31.80
2011-10-17,31.79
2011-10-14,32.14
2011-10-13,31.63
2011-10-12,32.75
2011-10-11,31.96
2011-10-10,31.94
2011-10-07,30.96
2011-10-06,31.97
2011-10-05,30.32
2011-10-04,29.80
2011-10-03,30.75
2011-09-30,30.04
2011-09-29,30.47
2011-09-28,30.08
2011-09-27,31.50
2011-09-26,29.93
2011-09-23,30.05
2011-09-22,36.54
2011-09-21,40.42
2011-09-20,40.08
2011-09-19,39.11
2011-09-16,40.78
2011-09-15,39.45
2011-09-14,40.47
2011-09-13,41.12
2011-09-12,40.16
2011-09-09,41.57
2011-09-08,42.48
2011-09-07,41.57
2011-09-06,41.82
2011-09-05,42.97
2011-09-02,43.02
2011-09-01,41.48
2011-08-31,41.70
2011-08-30,41.40
2011-08-29,40.54
2011-08-26,40.95
2011-08-25,40.74
2011-08-24,39.16
2011-08-23,42.28
2011-08-22,43.32
2011-08-19,42.43
2011-08-18,40.69
2011-08-17,40.35
2011-08-16,39.82
2011-08-15,39.30
2011-08-12,39.10
2011-08-11,38.66
2011-08-10,39.33
2011-08-09,37.88
2011-08-08,39.37
2011-08-05,38.20
2011-08-04,39.42
2011-08-03,41.75
2011-08-02,40.08
2011-08-01,39.30
2011-07-29,40.09
2011-07-28,39.78
2011-07-27,40.55
2011-07-26,40.69
2011-07-25,40.35
2011-07-22,40.11
2011-07-21,38.94
2011-07-20,39.55
2011-07-19,40.21
2011-07-18,40.33
2011-07-15,39.06
2011-07-14,38.69
2011-07-13,38.15
2011-07-12,35.63
2011-07-11,35.69
2011-07-08,36.54
2011-07-07,36.53
2011-07-06,35.91
2011-07-05,35.40
2011-07-01,33.69
2011-06-30,34.81
2011-06-29,34.75
2011-06-28,33.64
2011-06-27,33.58
2011-06-24,34.64
2011-06-23,35.01
2011-06-22,36.73
2011-06-21,36.37
2011-06-20,36.06
2011-06-17,35.74
2011-06-16,35.55
2011-06-15,35.41
2011-06-14,35.41
2011-06-13,34.74
2011-06-10,36.33
2011-06-09,37.42
2011-06-08,36.62
2011-06-07,37.04
2011-06-06,36.78
2011-06-03,36.19
2011-06-02,36.20
2011-06-01,37.69
2011-05-31,38.30
2011-05-27,37.86
2011-05-26,37.32
2011-05-25,37.64
2011-05-24,36.12
2011-05-23,34.90
2011-05-20,35.08
2011-05-19,34.93
2011-05-18,35.09
2011-05-17,33.49
2011-05-16,34.13
2011-05-13,35.01
2011-05-12,34.79
2011-05-11,35.51
2011-05-10,38.48
2011-05-09,37.11
2011-05-06,35.28
2011-05-05,36.23
2011-05-04,39.38
2011-05-03,42.58
2011-05-02,46.08
2011-04-29,48.58
2011-04-28,47.52
2011-04-27,45.96
2011-04-26,45.06
2011-04-25,47.15
2011-04-21,46.06
2011-04-20,44.47
2011-04-19,43.92
2011-04-18,42.96
2011-04-15,42.57
2011-04-14,41.66
2011-04-13,40.23
2011-04-12,40.06
2011-04-11,40.60
2011-04-08,40.60
2011-04-07,39.54
2011-04-06,39.38
2011-04-05,39.17
2011-04-04,38.48
2011-04-01,37.74
2011-03-31,37.87
2011-03-30,37.50
2011-03-29,36.98
2011-03-28,37.10
2011-03-25,37.06
2011-03-24,37.39
2011-03-23,37.20
2011-03-22,36.27
2011-03-21,36.00
2011-03-18,35.06
2011-03-17,34.26
2011-03-16,34.47
2011-03-15,34.12
2011-03-14,35.83
2011-03-11,35.93
2011-03-10,35.06
2011-03-09,36.04
2011-03-08,35.65
2011-03-07,35.85
2011-03-04,35.32
2011-03-03,34.31
2011-03-02,34.83
2011-03-01,34.42
2011-02-28,33.80
2011-02-25,32.90
2011-02-24,33.17
2011-02-23,33.30
2011-02-22,32.86
2011-02-18,32.30
2011-02-17,31.57
2011-02-16,30.63
2011-02-15,30.69
2011-02-14,30.53
2011-02-11,29.99
2011-02-10,30.09
2011-02-09,30.27
2011-02-08,30.27
2011-02-07,29.35
2011-02-04,29.06
2011-02-03,28.73
2011-02-02,28.30
2011-02-01,28.52
2011-01-31,28.17
2011-01-28,27.93
2011-01-27,27.04
2011-01-26,27.13
2011-01-25,26.81
2011-01-24,27.32
2011-01-21,27.42
2011-01-20,27.46
2011-01-19,28.79
2011-01-18,28.90
2011-01-14,28.31
2011-01-13,29.25
2011-01-12,29.53
2011-01-11,29.49
2011-01-10,28.85
2011-01-07,28.66
2011-01-06,29.11
2011-01-05,29.17
2011-01-04,29.49
2011-01-03,31.10
2010-12-31,30.91
2010-12-30,30.49
2010-12-29,30.68
2010-12-28,30.30
2010-12-27,29.23
2010-12-23,29.31
2010-12-22,29.37
2010-12-21,29.38
2010-12-20,29.34
2010-12-17,29.11
2010-12-16,28.76
2010-12-15,29.23
2010-12-14,29.76
2010-12-13,29.60
2010-12-10,28.58
2010-12-09,28.79
2010-12-08,28.22
2010-12-07,29.75
2010-12-06,29.70
2010-12-03,29.24
2010-12-02,28.54
2010-12-01,28.39
2010-11-30,28.18
2010-11-29,27.15
2010-11-26,26.70
2010-11-24,27.53
2010-11-23,27.57
2010-11-22,27.46
2010-11-19,27.18
2010-11-18,26.83
2010-11-17,25.51
2010-11-16,25.23
2010-11-15,26.09
2010-11-12,25.94
2010-11-11,27.40
2010-11-10,26.86
2010-11-09,28.90
2010-11-08,27.43
2010-11-05,26.74
2010-11-04,26.04
2010-11-03,24.43
2010-11-02,24.83
2010-11-01,24.55
2010-10-29,24.56
2010-10-28,23.87
2010-10-27,23.40
2010-10-26,23.82
2010-10-25,23.54
2010-10-22,23.12
2010-10-21,23.12
2010-10-20,23.85
2010-10-19,23.76
2010-10-18,24.40
2010-10-15,24.27
2010-10-14,24.42
2010-10-13,23.91
2010-10-12,23.13
2010-10-11,23.33
2010-10-08,23.09
2010-10-07,22.57
2010-10-06,23.02
2010-10-05,22.71
2010-10-04,22.01
2010-10-01,22.04
2010-09-30,21.80
2010-09-29,21.93
2010-09-28,21.69
2010-09-27,21.45
2010-09-24,21.38
2010-09-23,21.19
2010-09-22,21.04
2010-09-21,20.62
2010-09-20,20.78
2010-09-17,20.79
2010-09-16,20.75
2010-09-15,20.54
2010-09-14,20.40
2010-09-13,20.11
2010-09-10,19.80
2010-09-09,19.81
2010-09-08,19.98
2010-09-07,19.88
2010-09-03,19.91
2010-09-02,19.64
2010-09-01,19.36
2010-08-31,19.40
2010-08-30,19.04
2010-08-27,19.04
2010-08-26,18.98
2010-08-25,19.02
2010-08-24,18.37
2010-08-23,17.98
2010-08-20,17.98
2010-08-19,18.32
2010-08-18,18.39
2010-08-17,18.59
2010-08-16,18.42
2010-08-13,18.10
2010-08-12,18.05
2010-08-11,17.89
2010-08-10,18.15
2010-08-09,18.23
2010-08-06,18.46
2010-08-05,18.31
2010-08-04,18.26
2010-08-03,18.41
2010-08-02,18.40
2010-07-30,17.99
2010-07-29,17.60
2010-07-28,17.42
2010-07-27,17.62
2010-07-26,18.20
2010-07-23,18.10
2010-07-22,18.11
2010-07-21,17.80
2010-07-20,17.68
2010-07-19,17.53
2010-07-16,17.77
2010-07-15,18.35
2010-07-14,18.27
2010-07-13,18.24
2010-07-12,17.90
2010-07-09,18.05
2010-07-08,17.85
2010-07-07,17.98
2010-07-06,17.83
2010-07-02,17.70
2010-07-01,17.76
2010-06-30,18.67
2010-06-29,18.59
2010-06-28,18.68
2010-06-25,19.11
2010-06-24,18.73
2010-06-23,18.45
2010-06-22,18.90
2010-06-21,18.80
2010-06-18,19.18
2010-06-17,18.77
2010-06-16,18.43
2010-06-15,18.57
2010-06-14,18.40
2010-06-11,18.22
2010-06-10,18.34
2010-06-09,18.18
2010-06-08,18.47
2010-06-07,18.15
2010-06-04,17.29
2010-06-03,17.92
2010-06-02,18.30
2010-06-01,18.54
2010-05-28,18.41
2010-05-27,18.46
2010-05-26,18.30
2010-05-25,17.76
2010-05-24,17.98
2010-05-21,17.63
2010-05-20,17.69
2010-05-19,18.09
2010-05-18,18.86
2010-05-17,18.83
2010-05-14,19.20
2010-05-13,19.48
2010-05-12,19.64
2010-05-11,19.27
2010-05-10,18.53
2010-05-07,18.43
2010-05-06,17.49
2010-05-05,17.51
2010-05-04,17.82
2010-05-03,18.81
2010-04-30,18.61
2010-04-29,18.55
2010-04-28,18.11
2010-04-27,18.12
2010-04-26,18.33
2010-04-23,18.19
2010-04-22,18.01
2010-04-21,18.07
2010-04-20,17.82
2010-04-19,17.73
2010-04-16,17.67
2010-04-15,18.42
2010-04-14,18.40
2010-04-13,18.24
2010-04-12,18.40
2010-04-09,18.34
2010-04-08,18.12
2010-04-07,18.18
2010-04-06,17.92
2010-04-05,18.10
2010-04-01,17.88
2010-03-31,17.51
2010-03-30,17.32
2010-03-29,17.37
2010-03-26,16.89
2010-03-25,16.73
2010-03-24,16.63
2010-03-23,17.01
2010-03-22,16.92
2010-03-19,17.02
2010-03-18,17.41
2010-03-17,17.50
2010-03-16,17.33
2010-03-15,17.08
2010-03-12,17.02
2010-03-11,17.14
2010-03-10,16.99
2010-03-09,17.32
2010-03-08,17.25
2010-03-05,17.36
2010-03-04,17.16
2010-03-03,17.31
2010-03-02,17.04
2010-03-01,16.45
2010-02-26,16.50
2010-02-25,16.11
2010-02-24,15.94
2010-02-23,15.89
2010-02-22,16.22
2010-02-19,16.41
2010-02-18,16.06
2010-02-17,16.10
2010-02-16,16.15
2010-02-12,15.45
2010-02-11,15.59
2010-02-10,15.30
2010-02-09,15.43
2010-02-08,15.08
2010-02-05,14.82
2010-02-04,15.34
2010-02-03,16.31
2010-02-02,16.74
2010-02-01,16.65
2010-01-29,16.18
2010-01-28,16.20
2010-01-27,16.43
2010-01-26,16.85
2010-01-25,17.13
2010-01-22,16.92
2010-01-21,17.50
2010-01-20,17.87
2010-01-19,18.78
2010-01-15,18.41
2010-01-14,18.64
2010-01-13,18.54
2010-01-12,18.24
2010-01-11,18.68
2010-01-08,18.46
2010-01-07,18.33
2010-01-06,18.16
2010-01-05,17.78
2010-01-04,17.44
2009-12-31,16.82
2009-12-30,16.78
2009-12-29,17.09
2009-12-28,17.54
2009-12-24,17.42
2009-12-23,17.17
2009-12-22,17.01
2009-12-21,17.02
2009-12-18,17.30
2009-12-17,17.18
2009-12-16,17.68
2009-12-15,17.44
2009-12-14,17.33
2009-12-11,17.08
2009-12-10,17.17
2009-12-09,17.16
2009-12-08,17.79
2009-12-07,18.34
2009-12-04,18.50
2009-12-03,19.10
2009-12-02,19.30
2009-12-01,19.18
2009-11-30,18.50
2009-11-27,18.30
2009-11-25,18.77
2009-11-24,18.45
2009-11-23,18.61
2009-11-20,18.44
2009-11-19,18.45
2009-11-18,18.42
2009-11-17,18.39
2009-11-16,18.40
2009-11-13,17.38
2009-11-12,17.26
2009-11-11,17.54
2009-11-10,17.22
2009-11-09,17.48
2009-11-06,17.38
2009-11-05,17.41
2009-11-04,17.41
2009-11-03,17.18
2009-11-02,16.44
2009-10-30,16.25
2009-10-29,16.66
2009-10-28,16.24
2009-10-27,16.54
2009-10-26,17.09
2009-10-23,17.72
2009-10-22,17.55
2009-10-21,17.83
2009-10-20,17.56
2009-10-19,17.62
2009-10-16,17.42
2009-10-15,17.42
2009-10-14,17.91
2009-10-13,17.84
2009-10-12,17.82
2009-10-09,17.69
2009-10-08,17.82
2009-10-07,17.50
2009-10-06,17.30
2009-10-05,16.54
2009-10-02,16.23
2009-10-01,16.44
2009-09-30,16.66
2009-09-29,16.18
2009-09-28,16.17
2009-09-25,16.04
2009-09-24,16.27
2009-09-23,16.89
2009-09-22,17.09
2009-09-21,16.86
2009-09-18,17.04
2009-09-17,17.24
2009-09-16,17.41
2009-09-15,16.98
2009-09-14,16.60
2009-09-11,16.68
2009-09-10,16.65
2009-09-09,16.44
2009-09-08,16.49
2009-09-04,16.26
2009-09-03,16.27
2009-09-02,15.34
2009-09-01,15.04
2009-08-31,14.90
2009-08-28,14.78
2009-08-27,14.22
2009-08-26,14.26
2009-08-25,14.31
2009-08-24,14.20
2009-08-21,14.16
2009-08-20,13.88
2009-08-19,13.88
2009-08-18,13.96
2009-08-17,13.97
2009-08-14,14.72
2009-08-13,14.99
2009-08-12,14.59
2009-08-11,14.35
2009-08-10,14.36
2009-08-07,14.67
2009-08-06,14.64
2009-08-05,14.76
2009-08-04,14.70
2009-08-03,14.25
2009-07-31,13.94
2009-07-30,13.48
2009-07-29,13.25
2009-07-28,13.73
2009-07-27,13.98
2009-07-24,13.87
2009-07-23,13.77
2009-07-22,13.70
2009-07-21,13.47
2009-07-20,13.62
2009-07-17,13.40
2009-07-16,13.23
2009-07-15,13.20
2009-07-14,12.86
2009-07-13,12.79
2009-07-10,12.64
2009-07-09,12.92
2009-07-08,12.84
2009-07-07,13.21
2009-07-06,13.23
2009-07-02,13.39
2009-07-01,13.74
2009-06-30,13.57
2009-06-29,13.95
2009-06-26,14.13
2009-06-25,14.01
2009-06-24,13.91
2009-06-23,13.85
2009-06-22,13.71
2009-06-19,14.20
2009-06-18,14.24
2009-06-17,14.28
2009-06-16,14.13
2009-06-15,14.03
2009-06-12,14.88
2009-06-11,15.49
2009-06-10,15.22
2009-06-09,15.14
2009-06-08,14.96
2009-06-05,15.39
2009-06-04,15.89
2009-06-03,15.31
2009-06-02,15.96
2009-06-01,15.73
2009-05-29,15.61
2009-05-28,15.16
2009-05-27,14.85
2009-05-26,14.59
2009-05-22,14.68
2009-05-21,14.44
2009-05-20,14.27
2009-05-19,14.11
2009-05-18,13.81
2009-05-15,13.99
2009-05-14,14.02
2009-05-13,14.00
2009-05-12,14.20
2009-05-11,13.89
2009-05-08,13.94
2009-05-07,14.01
2009-05-06,13.69
2009-05-05,13.40
2009-05-04,13.09
2009-05-01,12.48
2009-04-30,12.30
2009-04-29,12.75
2009-04-28,12.39
2009-04-27,12.95
2009-04-24,12.91
2009-04-23,12.75
2009-04-22,12.30
2009-04-21,12.05
2009-04-20,12.10
2009-04-17,11.79
2009-04-16,12.25
2009-04-15,12.79
2009-04-14,12.76
2009-04-13,12.76
2009-04-09,12.32
2009-04-08,12.34
2009-04-07,12.21
2009-04-06,12.11
2009-04-03,12.72
2009-04-02,13.02
2009-04-01,12.96
2009-03-31,12.97
2009-03-30,13.02
2009-03-27,13.25
2009-03-26,13.61
2009-03-25,13.42
2009-03-24,13.34
2009-03-23,13.86
2009-03-20,13.83
2009-03-19,13.50
2009-03-18,11.95
2009-03-17,12.69
2009-03-16,12.90
2009-03-13,13.23
2009-03-12,12.96
2009-03-11,12.81
2009-03-10,12.56
2009-03-09,12.95
2009-03-06,13.32
2009-03-05,13.11
2009-03-04,12.90
2009-03-03,12.70
2009-03-02,13.05
2009-02-27,13.09
2009-02-26,12.95
2009-02-25,13.88
2009-02-24,13.99
2009-02-23,14.45
2009-02-20,14.49
2009-02-19,13.94
2009-02-18,14.29
2009-02-17,14.01
2009-02-13,13.62
2009-02-12,13.51
2009-02-11,13.52
2009-02-10,13.13
2009-02-09,12.83
2009-02-06,13.16
2009-02-05,12.75
2009-02-04,12.47
2009-02-03,12.30
2009-02-02,12.41
2009-01-30,12.56
2009-01-29,12.14
2009-01-28,11.96
2009-01-27,12.17
2009-01-26,12.10
2009-01-23,11.93
2009-01-22,11.36
2009-01-21,11.31
2009-01-20,11.16
2009-01-16,11.20
2009-01-15,10.42
2009-01-14,10.45
2009-01-13,10.65
2009-01-12,10.72
2009-01-09,11.29
2009-01-08,11.07
2009-01-07,11.08
2009-01-06,11.42
2009-01-05,11.24
2009-01-02,11.46
2008-12-31,11.27
2008-12-30,10.96
2008-12-29,10.78
2008-12-26,10.50
2008-12-24,10.32
2008-12-23,10.23
2008-12-22,10.83
2008-12-19,10.82
2008-12-18,11.09
2008-12-17,11.39
2008-12-16,10.67
2008-12-15,10.59
2008-12-12,10.20
2008-12-11,10.39
2008-12-10,10.16
2008-12-09,9.81
2008-12-08,9.94
2008-12-05,9.40
2008-12-04,9.49
2008-12-03,9.56
2008-12-02,9.59
2008-12-01,9.35
2008-11-28,10.19
2008-11-26,10.22
2008-11-25,10.27
2008-11-24,10.36
2008-11-21,9.48
2008-11-20,9.03
2008-11-19,9.31
2008-11-18,9.55
2008-11-17,9.33
2008-11-14,9.49
2008-11-13,8.80
2008-11-12,9.48
2008-11-11,9.80
2008-11-10,10.22
2008-11-07,9.96
2008-11-06,10.05
2008-11-05,10.46
2008-11-04,10.13
2008-11-03,9.75
2008-10-31,9.73
2008-10-30,9.79
2008-10-29,9.80
2008-10-28,8.79
2008-10-27,9.20
2008-10-24,9.29
2008-10-23,9.50
2008-10-22,9.46
2008-10-21,10.07
2008-10-20,9.69
2008-10-17,9.34
2008-10-16,9.63
2008-10-15,10.18
2008-10-14,11.06
2008-10-13,10.79
2008-10-10,10.60
2008-10-09,11.88
2008-10-08,11.77
2008-10-07,11.38
2008-10-06,11.29
2008-10-03,11.32
2008-10-02,11.12
2008-10-01,12.77
2008-09-30,12.28
2008-09-29,13.03
2008-09-26,13.50
2008-09-25,13.22
2008-09-24,13.38
2008-09-23,13.12
2008-09-22,13.40
2008-09-19,12.43
2008-09-18,12.65
2008-09-17,11.62
2008-09-16,10.46
2008-09-15,11.07
2008-09-12,10.73
2008-09-11,10.49
2008-09-10,10.82
2008-09-09,11.64
2008-09-08,11.99
2008-09-05,12.24
2008-09-04,12.86
2008-09-03,12.86
2008-09-02,13.05
2008-08-29,13.61
2008-08-28,13.60
2008-08-27,13.47
2008-08-26,13.57
2008-08-25,13.37
2008-08-22,13.48
2008-08-21,13.73
2008-08-20,13.04
2008-08-19,13.11
2008-08-18,13.10
2008-08-15,12.81
2008-08-14,14.23
2008-08-13,14.85
2008-08-12,14.48
2008-08-11,14.62
2008-08-08,15.33
2008-08-07,16.26
2008-08-06,16.50
2008-08-05,16.57
2008-08-04,17.14
2008-08-01,17.52
2008-07-31,17.79
2008-07-30,17.46
2008-07-29,17.33
2008-07-28,17.42
2008-07-25,17.33
2008-07-24,17.25
2008-07-23,17.40
2008-07-22,17.95
2008-07-21,18.36
2008-07-18,18.14
2008-07-17,18.67
2008-07-16,18.74
2008-07-15,18.94
2008-07-14,19.17
2008-07-11,18.75
2008-07-10,18.25
2008-07-09,18.10
2008-07-08,17.88
2008-07-07,17.84
2008-07-03,18.29
2008-07-02,18.34
2008-07-01,18.20
2008-06-30,17.42
2008-06-27,17.62
2008-06-26,17.12
2008-06-25,16.50
2008-06-24,16.63
2008-06-23,16.78
2008-06-20,17.39
2008-06-19,17.46
2008-06-18,17.33
2008-06-17,17.06
2008-06-16,17.21
2008-06-13,16.54
2008-06-12,16.46
2008-06-11,16.83
2008-06-10,16.61
2008-06-09,17.18
2008-06-06,17.40
2008-06-05,17.14
2008-06-04,16.91
2008-06-03,16.80
2008-06-02,16.87
2008-05-30,16.83
2008-05-29,16.48
2008-05-28,17.38
2008-05-27,17.42
2008-05-23,18.24
2008-05-22,17.98
2008-05-21,18.00
2008-05-20,17.67
2008-05-19,16.97
2008-05-16,16.90
2008-05-15,16.63
2008-05-14,16.55
2008-05-13,16.76
2008-05-12,17.16
2008-05-09,16.84
2008-05-08,16.79
2008-05-07,16.62
2008-05-06,16.78
2008-05-05,16.75
2008-05-02,16.38
2008-05-01,16.12
2008-04-30,16.50
2008-04-29,16.54
2008-04-28,17.01
2008-04-25,16.85
2008-04-24,16.66
2008-04-23,17.17
2008-04-22,17.71
2008-04-21,17.36
2008-04-18,17.82
2008-04-17,18.30
2008-04-16,18.33
2008-04-15,17.85
2008-04-14,17.79
2008-04-11,17.69
2008-04-10,18.04
2008-04-09,18.20
2008-04-08,17.71
2008-04-07,18.12
2008-04-04,17.75
2008-04-03,17.48
2008-04-02,17.18
2008-04-01,16.89
2008-03-31,17.31
2008-03-28,17.94
2008-03-27,18.51
2008-03-26,18.35
2008-03-25,17.76
2008-03-24,17.07
2008-03-20,16.80
2008-03-19,18.39
2008-03-18,19.89
2008-03-17,20.22
2008-03-14,20.57
2008-03-13,20.34
2008-03-12,19.91
2008-03-11,19.68
2008-03-10,19.70
2008-03-07,20.16
2008-03-06,20.13
2008-03-05,20.68
2008-03-04,19.74
2008-03-03,20.07
2008-02-29,19.81
2008-02-28,19.63
2008-02-27,19.21
2008-02-26,18.72
2008-02-25,18.08
2008-02-22,18.04
2008-02-21,17.95
2008-02-20,17.76
2008-02-19,17.51
2008-02-15,17.12
2008-02-14,17.25
2008-02-13,17.35
2008-02-12,17.25
2008-02-11,17.47
2008-02-08,17.11
2008-02-07,16.77
2008-02-06,16.55
2008-02-05,16.34
2008-02-04,16.78
2008-02-01,16.87
2008-01-31,17.00
2008-01-30,16.76
2008-01-29,16.75
2008-01-28,16.69
2008-01-25,16.43
2008-01-24,16.27
2008-01-23,15.90
2008-01-22,16.03
2008-01-18,16.14
2008-01-17,15.93
2008-01-11,16.27
2008-01-10,16.17
2008-01-09,15.73
2008-01-04,15.35
2008-01-03,15.38
2008-01-02,15.17
2007-12-31,14.80
2007-12-28,14.77
2007-12-27,14.68
2007-12-26,14.70
2007-12-24,14.52
2007-12-21,14.35
2007-12-20,14.20
2007-12-19,14.07
2007-12-18,14.01
2007-12-17,13.83
2007-12-14,13.83
2007-12-13,14.07
2007-12-12,14.65
2007-12-11,14.70
2007-12-10,14.67
2007-12-07,14.32
2007-12-06,14.44
2007-12-05,14.27
2007-12-04,14.27
2007-12-03,14.01
2007-11-30,13.96
2007-11-29,14.24
2007-11-28,14.34
2007-11-27,14.48
2007-11-26,14.83
2007-11-23,14.73
2007-11-21,14.42
2007-11-20,14.50
2007-11-19,14.16
2007-11-16,14.51
2007-11-15,14.48
2007-11-14,15.06
2007-11-13,14.61
2007-11-12,14.76
2007-11-09,15.54
2007-11-08,15.52
2007-11-07,15.32
2007-11-06,15.38
2007-11-05,14.79
2007-11-02,14.60
2007-11-01,14.32
2007-10-31,14.44
2007-10-30,14.33
2007-10-29,14.43
2007-10-26,14.28
2007-10-25,13.90
2007-10-24,13.59
2007-10-23,13.65
2007-10-22,13.55
2007-10-19,13.63
2007-10-18,13.80
2007-10-17,13.75
2007-10-16,13.66
2007-10-15,13.86
2007-10-12,13.90
2007-10-11,13.98
2007-10-10,13.67
2007-10-09,13.58
2007-10-08,13.36
2007-10-05,13.49
2007-10-04,13.50
2007-10-03,13.47
2007-10-02,13.45
2007-10-01,13.86
2007-09-28,13.92
2007-09-27,13.64
2007-09-26,13.42
2007-09-25,13.48
2007-09-24,13.50
2007-09-21,13.47
2007-09-20,13.32
2007-09-19,12.96
2007-09-18,12.77
2007-09-17,12.74
2007-09-14,12.54
2007-09-13,12.51
2007-09-12,12.62
2007-09-11,12.67
2007-09-10,12.53
2007-09-07,12.59
2007-09-06,12.37
2007-09-05,12.19
2007-09-04,12.28
2007-08-31,12.06
2007-08-30,11.79
2007-08-29,11.84
2007-08-28,11.75
2007-08-27,11.75
2007-08-24,11.93
2007-08-23,11.62
2007-08-22,11.55
2007-08-21,11.49
2007-08-20,11.71
2007-08-17,11.77
2007-08-16,11.46
2007-08-15,12.52
2007-08-14,12.71
2007-08-13,12.81
2007-08-10,12.82
2007-08-09,12.65
2007-08-08,13.12
2007-08-07,13.04
2007-08-06,12.98
2007-08-03,13.10
2007-08-02,12.94
2007-08-01,12.89
2007-07-31,12.95
2007-07-30,12.83
2007-07-27,12.64
2007-07-26,12.88
2007-07-25,13.07
2007-07-24,13.36
2007-07-23,13.24
2007-07-20,13.31
2007-07-19,13.29
2007-07-18,13.20
2007-07-17,12.92
2007-07-16,12.97
2007-07-13,13.01
2007-07-12,13.08
2007-07-11,12.87
2007-07-10,12.87
2007-07-09,12.71
2007-07-06,12.65
2007-07-05,12.47
2007-07-03,12.57
2007-07-02,12.62
2007-06-29,12.35
2007-06-28,12.38
2007-06-27,12.21
2007-06-26,12.28
2007-06-25,12.88
2007-06-22,13.02
2007-06-21,13.09
2007-06-20,13.25
2007-06-19,13.32
2007-06-18,13.23
2007-06-15,13.26
2007-06-14,13.16
2007-06-13,13.06
2007-06-12,13.09
2007-06-11,13.28
2007-06-08,13.04
2007-06-07,13.48
2007-06-06,13.72
2007-06-05,13.81
2007-06-04,13.74
2007-06-01,13.74
2007-05-31,13.47
2007-05-30,13.22
2007-05-29,13.16
2007-05-25,12.94
2007-05-24,12.85
2007-05-23,13.04
2007-05-22,12.92
2007-05-21,13.06
2007-05-18,12.93
2007-05-17,12.81
2007-05-16,12.84
2007-05-15,13.23
2007-05-14,13.14
2007-05-11,13.21
2007-05-10,13.04
2007-05-09,13.36
2007-05-08,13.49
2007-05-07,13.53
2007-05-04,13.41
2007-05-03,13.39
2007-05-02,13.21
2007-05-01,13.24
2007-04-30,13.45
2007-04-27,13.44
2007-04-26,13.32
2007-04-23,14.05
2007-04-20,13.96
2007-04-19,13.73
2007-04-18,13.97
2007-04-17,14.02
2007-04-16,14.08
2007-04-13,14.09
2007-04-12,13.86
2007-04-11,13.89
2007-04-10,13.93
2007-04-05,13.74
