,국제 금
2020-08-13,"1,956.70"
2020-08-12,"1,934.90"
2020-08-11,"1,932.60"
2020-08-10,"2,024.40"
2020-08-07,"2,010.10"
2020-08-06,"2,051.50"
2020-08-05,"2,031.10"
2020-08-04,"2,001.20"
2020-08-03,"1,966.00"
2020-07-31,"1,962.80"
2020-07-30,"1,942.30"
2020-07-29,"1,953.40"
2020-07-28,"1,944.60"
2020-07-27,"1,931.00"
2020-07-24,"1,897.30"
2020-07-23,"1,889.10"
2020-07-22,"1,864.10"
2020-07-21,"1,842.40"
2020-07-20,"1,815.90"
2020-07-17,"1,808.30"
2020-07-16,"1,798.70"
2020-07-15,"1,811.40"
2020-07-14,"1,810.60"
2020-07-13,"1,811.00"
2020-07-10,"1,798.20"
2020-07-09,"1,799.20"
2020-07-08,"1,815.50"
2020-07-07,"1,804.20"
2020-07-06,"1,788.50"
2020-07-02,"1,784.00"
2020-07-01,"1,773.20"
2020-06-30,"1,793.00"
2020-06-29,"1,774.80"
2020-06-26,"1,773.30"
2020-06-25,"1,763.10"
2020-06-24,"1,765.80"
2020-06-23,"1,772.10"
2020-06-22,"1,756.70"
2020-06-19,"1,745.90"
2020-06-18,"1,724.80"
2020-06-17,"1,729.20"
2020-06-16,"1,729.60"
2020-06-15,"1,720.30"
2020-06-12,"1,729.30"
2020-06-11,"1,732.00"
2020-06-10,"1,713.30"
2020-06-09,"1,714.70"
2020-06-08,"1,698.30"
2020-06-05,"1,676.20"
2020-06-04,"1,718.90"
2020-06-03,"1,697.80"
2020-06-02,"1,725.20"
2020-06-01,"1,737.80"
2020-05-29,"1,736.90"
2020-05-28,"1,713.30"
2020-05-27,"1,710.70"
2020-05-26,"1,705.60"
2020-05-22,"1,734.60"
2020-05-21,"1,720.50"
2020-05-20,"1,750.60"
2020-05-19,"1,744.20"
2020-05-18,"1,731.80"
2020-05-15,"1,753.40"
2020-05-14,"1,738.10"
2020-05-13,"1,713.90"
2020-05-12,"1,704.40"
2020-05-11,"1,695.30"
2020-05-08,"1,709.90"
2020-05-07,"1,721.80"
2020-05-06,"1,684.20"
2020-05-05,"1,704.40"
2020-05-04,"1,706.90"
2020-05-01,"1,694.50"
2020-04-30,"1,684.20"
2020-04-29,"1,703.40"
2020-04-28,"1,710.60"
2020-04-27,"1,712.60"
2020-04-24,"1,723.50"
2020-04-23,"1,733.30"
2020-04-22,"1,728.70"
2020-04-21,"1,678.20"
2020-04-20,"1,701.60"
2020-04-17,"1,689.20"
2020-04-16,"1,720.40"
2020-04-15,"1,727.20"
2020-04-14,"1,756.70"
2020-04-13,"1,744.80"
2020-04-09,"1,736.20"
2020-04-08,"1,665.40"
2020-04-07,"1,664.80"
2020-04-06,"1,677.00"
2020-04-03,"1,633.70"
2020-04-02,"1,625.70"
2020-04-01,"1,578.20"
2020-03-31,"1,583.40"
2020-03-30,"1,622.00"
2020-03-27,"1,625.00"
2020-03-26,"1,651.20"
2020-03-25,"1,632.30"
2020-03-24,"1,660.20"
2020-03-23,"1,567.00"
2020-03-20,"1,484.00"
2020-03-19,"1,478.60"
2020-03-18,"1,477.30"
2020-03-17,"1,524.90"
2020-03-16,"1,485.90"
2020-03-13,"1,515.70"
2020-03-12,"1,589.30"
2020-03-11,"1,641.40"
2020-03-10,"1,659.10"
2020-03-09,"1,674.50"
2020-03-06,"1,670.80"
2020-03-05,"1,666.40"
2020-03-04,"1,641.10"
2020-03-03,"1,642.10"
2020-03-02,"1,592.30"
2020-02-28,"1,564.10"
2020-02-27,"1,640.00"
2020-02-26,"1,640.40"
2020-02-25,"1,646.90"
2020-02-24,"1,672.40"
2020-02-21,"1,644.60"
2020-02-20,"1,616.60"
2020-02-19,"1,607.50"
2020-02-18,"1,600.00"
2020-02-14,"1,582.70"
2020-02-13,"1,575.10"
2020-02-12,"1,567.40"
2020-02-11,"1,565.60"
2020-02-10,"1,574.70"
2020-02-07,"1,568.60"
2020-02-06,"1,565.10"
2020-02-05,"1,557.80"
2020-02-04,"1,550.40"
2020-02-03,"1,577.20"
2020-01-31,"1,582.90"
2020-01-30,"1,583.50"
2020-01-29,"1,570.40"
2020-01-28,"1,569.20"
2020-01-27,"1,576.80"
2020-01-24,"1,571.10"
2020-01-23,"1,564.60"
2020-01-22,"1,555.30"
2020-01-21,"1,556.40"
2020-01-17,"1,558.80"
2020-01-16,"1,549.00"
2020-01-15,"1,552.10"
2020-01-14,"1,542.40"
2020-01-13,"1,548.40"
2020-01-10,"1,557.50"
2020-01-09,"1,551.70"
2020-01-08,"1,557.40"
2020-01-07,"1,571.80"
2020-01-06,"1,566.20"
2020-01-03,"1,549.20"
2020-01-02,"1,524.50"
2019-12-31,"1,519.50"
2019-12-30,"1,514.50"
2019-12-27,"1,514.30"
2019-12-26,"1,509.30"
2019-12-24,"1,499.10"
2019-12-23,"1,482.50"
2019-12-20,"1,474.70"
2019-12-19,"1,478.20"
2019-12-18,"1,472.60"
2019-12-17,"1,474.60"
2019-12-16,"1,475.00"
2019-12-13,"1,475.60"
2019-12-12,"1,466.70"
2019-12-11,"1,469.40"
2019-12-10,"1,462.60"
2019-12-09,"1,459.30"
2019-12-06,"1,459.10"
2019-12-05,"1,476.90"
2019-12-04,"1,474.00"
2019-12-03,"1,478.20"
2019-12-02,"1,462.30"
2019-11-29,"1,465.60"
2019-11-27,"1,453.40"
2019-11-26,"1,460.30"
2019-11-25,"1,456.60"
2019-11-22,"1,463.10"
2019-11-21,"1,463.10"
2019-11-20,"1,473.30"
2019-11-19,"1,473.30"
2019-11-18,"1,470.90"
2019-11-15,"1,467.30"
2019-11-14,"1,471.80"
2019-11-13,"1,461.70"
2019-11-12,"1,452.10"
2019-11-11,"1,455.50"
2019-11-08,"1,461.30"
2019-11-07,"1,464.20"
2019-11-06,"1,490.20"
2019-11-05,"1,480.80"
2019-11-04,"1,508.00"
2019-11-01,"1,508.00"
2019-10-31,"1,511.40"
2019-10-30,"1,493.20"
2019-10-29,"1,487.40"
2019-10-28,"1,492.40"
2019-10-25,"1,499.50"
2019-10-24,"1,498.90"
2019-10-23,"1,489.90"
2019-10-22,"1,481.70"
2019-10-21,"1,482.40"
2019-10-18,"1,488.20"
2019-10-17,"1,492.30"
2019-10-16,"1,488.00"
2019-10-15,"1,477.60"
2019-10-14,"1,491.70"
2019-10-11,"1,482.70"
2019-10-10,"1,494.80"
2019-10-09,"1,506.10"
2019-10-08,"1,497.20"
2019-10-07,"1,497.70"
2019-10-04,"1,506.20"
2019-10-03,"1,507.10"
2019-10-02,"1,501.00"
2019-10-01,"1,482.00"
2019-09-30,"1,465.70"
2019-09-27,"1,499.10"
2019-09-26,"1,507.90"
2019-09-25,"1,505.10"
2019-09-24,"1,532.10"
2019-09-23,"1,523.70"
2019-09-20,"1,507.30"
2019-09-19,"1,498.40"
2019-09-18,"1,507.50"
2019-09-17,"1,505.10"
2019-09-16,"1,503.10"
2019-09-13,"1,490.90"
2019-09-12,"1,498.70"
2019-09-11,"1,494.40"
2019-09-10,"1,490.30"
2019-09-09,"1,502.20"
2019-09-06,"1,506.20"
2019-09-05,"1,515.40"
2019-09-04,"1,550.30"
2019-09-03,"1,545.90"
2019-08-30,"1,519.10"
2019-08-29,"1,526.50"
2019-08-28,"1,538.80"
2019-08-27,"1,541.40"
2019-08-26,"1,526.30"
2019-08-23,"1,526.60"
2019-08-22,"1,497.30"
2019-08-21,"1,504.60"
2019-08-20,"1,504.60"
2019-08-19,"1,500.40"
2019-08-16,"1,512.50"
2019-08-15,"1,519.60"
2019-08-14,"1,515.90"
2019-08-13,"1,502.20"
2019-08-12,"1,505.30"
2019-08-09,"1,496.60"
2019-08-08,"1,497.70"
2019-08-07,"1,507.30"
2019-08-06,"1,472.40"
2019-08-05,"1,464.60"
2019-08-02,"1,445.60"
2019-08-01,"1,420.90"
2019-07-31,"1,426.10"
2019-07-30,"1,429.70"
2019-07-29,"1,420.40"
2019-07-26,"1,418.50"
2019-07-25,"1,413.90"
2019-07-24,"1,422.80"
2019-07-23,"1,420.10"
2019-07-22,"1,425.30"
2019-07-19,"1,425.10"
2019-07-18,"1,426.10"
2019-07-17,"1,421.30"
2019-07-16,"1,409.20"
2019-07-15,"1,411.40"
2019-07-12,"1,409.90"
2019-07-11,"1,404.30"
2019-07-10,"1,410.10"
2019-07-09,"1,397.50"
2019-07-08,"1,397.00"
2019-07-05,"1,396.70"
2019-07-03,"1,417.70"
2019-07-02,"1,404.60"
2019-07-01,"1,385.60"
2019-06-28,"1,409.70"
2019-06-27,"1,408.40"
2019-06-26,"1,411.50"
2019-06-25,"1,415.80"
2019-06-24,"1,414.30"
2019-06-21,"1,396.20"
2019-06-20,"1,392.90"
2019-06-19,"1,344.60"
2019-06-18,"1,346.60"
2019-06-17,"1,338.70"
2019-06-14,"1,340.10"
2019-06-13,"1,339.20"
2019-06-12,"1,331.90"
2019-06-11,"1,326.40"
2019-06-10,"1,324.70"
2019-06-07,"1,341.20"
2019-06-06,"1,337.60"
2019-06-05,"1,328.30"
2019-06-04,"1,323.40"
2019-06-03,"1,322.70"
2019-05-31,"1,305.80"
2019-05-30,"1,287.10"
2019-05-29,"1,281.00"
2019-05-28,"1,276.50"
2019-05-24,"1,283.00"
2019-05-23,"1,284.80"
2019-05-22,"1,273.60"
2019-05-21,"1,272.00"
2019-05-20,"1,276.10"
2019-05-17,"1,274.50"
2019-05-16,"1,285.00"
2019-05-15,"1,296.30"
2019-05-14,"1,294.70"
2019-05-13,"1,300.10"
2019-05-10,"1,285.70"
2019-05-09,"1,283.50"
2019-05-08,"1,279.40"
2019-05-07,"1,283.50"
2019-05-06,"1,281.70"
2019-05-03,"1,279.20"
2019-05-02,"1,269.70"
2019-05-01,"1,281.40"
2019-04-30,"1,282.80"
2019-04-29,"1,278.60"
2019-04-26,"1,285.50"
2019-04-25,"1,276.40"
2019-04-24,"1,275.50"
2019-04-23,"1,269.30"
2019-04-22,"1,273.50"
2019-04-18,"1,271.90"
2019-04-17,"1,272.20"
2019-04-16,"1,272.60"
2019-04-15,"1,286.80"
2019-04-12,"1,290.60"
2019-04-11,"1,288.60"
2019-04-10,"1,309.10"
2019-04-09,"1,303.50"
2019-04-08,"1,297.10"
2019-04-05,"1,290.40"
2019-04-04,"1,289.00"
2019-04-03,"1,289.90"
2019-04-02,"1,290.00"
2019-04-01,"1,288.40"
2019-03-29,"1,293.00"
2019-03-28,"1,289.80"
2019-03-27,"1,310.40"
2019-03-26,"1,315.00"
2019-03-25,"1,321.90"
2019-03-22,"1,311.60"
2019-03-21,"1,306.10"
2019-03-20,"1,300.50"
2019-03-19,"1,305.00"
2019-03-18,"1,300.30"
2019-03-15,"1,301.80"
2019-03-14,"1,293.40"
2019-03-13,"1,307.50"
2019-03-12,"1,296.30"
2019-03-11,"1,288.80"
2019-03-08,"1,297.00"
2019-03-07,"1,283.80"
2019-03-06,"1,284.90"
2019-03-05,"1,282.00"
2019-03-04,"1,284.80"
2019-03-01,"1,296.40"
2019-02-28,"1,312.80"
2019-02-27,"1,317.70"
2019-02-26,"1,325.10"
2019-02-25,"1,325.90"
2019-02-22,"1,329.20"
2019-02-21,"1,323.50"
2019-02-20,"1,343.30"
2019-02-19,"1,340.10"
2019-02-15,"1,318.10"
2019-02-14,"1,309.80"
2019-02-13,"1,310.80"
2019-02-12,"1,309.20"
2019-02-11,"1,307.00"
2019-02-08,"1,313.70"
2019-02-07,"1,309.40"
2019-02-06,"1,309.50"
2019-02-05,"1,314.20"
2019-02-04,"1,314.30"
2019-02-01,"1,316.90"
2019-01-31,"1,319.70"
2019-01-29,"1,308.20"
2019-01-28,"1,302.40"
2019-01-25,"1,297.40"
2019-01-24,"1,279.10"
2019-01-23,"1,283.10"
2019-01-22,"1,282.50"
2019-01-18,"1,281.30"
2019-01-17,"1,291.00"
2019-01-16,"1,291.60"
2019-01-15,"1,286.20"
2019-01-14,"1,289.10"
2019-01-11,"1,287.10"
2019-01-10,"1,284.70"
2019-01-09,"1,289.30"
2019-01-08,"1,283.20"
2019-01-07,"1,286.80"
2019-01-04,"1,282.70"
2019-01-03,"1,291.80"
2019-01-02,"1,281.00"
2018-12-31,"1,278.30"
2018-12-28,"1,279.90"
2018-12-27,"1,277.30"
2018-12-26,"1,269.20"
2018-12-24,"1,267.50"
2018-12-21,"1,253.80"
2018-12-20,"1,263.60"
2018-12-19,"1,252.10"
2018-12-18,"1,249.20"
2018-12-17,"1,247.40"
2018-12-14,"1,237.00"
2018-12-13,"1,242.70"
2018-12-12,"1,244.40"
2018-12-11,"1,241.90"
2018-12-10,"1,243.70"
2018-12-07,"1,246.80"
2018-12-06,"1,238.10"
2018-12-05,"1,237.10"
2018-12-04,"1,241.10"
2018-12-03,"1,233.90"
2018-11-30,"1,220.20"
2018-11-29,"1,224.10"
2018-11-28,"1,221.40"
2018-11-27,"1,211.20"
2018-11-26,"1,220.20"
2018-11-23,"1,221.00"
2018-11-21,"1,225.80"
2018-11-20,"1,219.00"
2018-11-19,"1,223.10"
2018-11-16,"1,220.80"
2018-11-15,"1,212.80"
2018-11-14,"1,207.90"
2018-11-13,"1,199.20"
2018-11-12,"1,201.30"
2018-11-09,"1,206.40"
2018-11-08,"1,222.90"
2018-11-07,"1,226.20"
2018-11-06,"1,223.80"
2018-11-05,"1,229.80"
2018-11-02,"1,230.90"
2018-11-01,"1,236.00"
2018-10-31,"1,212.30"
2018-10-30,"1,222.60"
2018-10-29,"1,224.50"
2018-10-26,"1,232.50"
2018-10-25,"1,229.10"
2018-10-24,"1,227.80"
2018-10-23,"1,233.40"
2018-10-22,"1,221.20"
2018-10-19,"1,225.30"
2018-10-18,"1,226.50"
2018-10-17,"1,223.70"
2018-10-16,"1,227.30"
2018-10-15,"1,226.40"
2018-10-12,"1,218.10"
2018-10-11,"1,223.50"
2018-10-10,"1,189.30"
2018-10-09,"1,187.20"
2018-10-08,"1,184.40"
2018-10-05,"1,201.20"
2018-10-04,"1,197.20"
2018-10-03,"1,198.30"
2018-10-02,"1,202.40"
2018-10-01,"1,187.10"
2018-09-28,"1,191.50"
2018-09-27,"1,182.30"
2018-09-26,"1,194.00"
2018-09-25,"1,200.00"
2018-09-24,"1,199.30"
2018-09-21,"1,196.20"
2018-09-20,"1,206.20"
2018-09-19,"1,202.20"
2018-09-18,"1,196.80"
2018-09-17,"1,199.70"
2018-09-14,"1,195.00"
2018-09-13,"1,202.00"
2018-09-12,"1,204.70"
2018-09-11,"1,195.40"
2018-09-10,"1,193.00"
2018-09-07,"1,193.60"
2018-09-06,"1,197.90"
2018-09-05,"1,194.90"
2018-09-04,"1,192.70"
2018-08-31,"1,200.30"
2018-08-30,"1,197.70"
2018-08-29,"1,204.50"
2018-08-28,"1,207.40"
2018-08-27,"1,209.00"
2018-08-24,"1,206.30"
2018-08-23,"1,187.00"
2018-08-22,"1,196.30"
2018-08-21,"1,192.60"
2018-08-20,"1,186.80"
2018-08-17,"1,176.50"
2018-08-16,"1,176.20"
2018-08-15,"1,177.50"
2018-08-14,"1,193.00"
2018-08-13,"1,191.30"
2018-08-10,"1,211.10"
2018-08-09,"1,211.90"
2018-08-08,"1,212.60"
2018-08-07,"1,209.60"
2018-08-06,"1,208.60"
2018-08-03,"1,214.20"
2018-08-02,"1,210.60"
2018-08-01,"1,217.90"
2018-07-31,"1,223.70"
2018-07-30,"1,221.30"
2018-07-27,"1,222.60"
2018-07-26,"1,225.30"
2018-07-25,"1,231.40"
2018-07-24,"1,223.90"
2018-07-23,"1,224.00"
2018-07-20,"1,229.50"
2018-07-19,"1,222.40"
2018-07-18,"1,226.30"
2018-07-17,"1,225.70"
2018-07-16,"1,238.10"
2018-07-13,"1,239.60"
2018-07-12,"1,245.00"
2018-07-11,"1,242.80"
2018-07-10,"1,253.80"
2018-07-09,"1,258.10"
2018-07-06,"1,254.30"
2018-07-05,"1,257.30"
2018-07-03,"1,251.60"
2018-07-02,"1,239.80"
2018-06-29,"1,251.30"
2018-06-28,"1,247.80"
2018-06-27,"1,253.00"
2018-06-26,"1,256.60"
2018-06-25,"1,265.60"
2018-06-22,"1,267.40"
2018-06-21,"1,267.20"
2018-06-20,"1,271.20"
2018-06-19,"1,275.60"
2018-06-18,"1,276.20"
2018-06-15,"1,274.60"
2018-06-14,"1,304.00"
2018-06-13,"1,296.90"
2018-06-12,"1,295.10"
2018-06-11,"1,298.90"
2018-06-08,"1,298.10"
2018-06-07,"1,298.70"
2018-06-06,"1,297.10"
2018-06-05,"1,297.50"
2018-06-04,"1,293.10"
2018-06-01,"1,294.80"
2018-05-31,"1,300.10"
2018-05-30,"1,301.50"
2018-05-29,"1,299.00"
2018-05-25,"1,303.30"
2018-05-24,"1,303.70"
2018-05-23,"1,289.30"
2018-05-22,"1,291.70"
2018-05-21,"1,290.20"
2018-05-18,"1,290.20"
2018-05-17,"1,288.20"
2018-05-16,"1,290.20"
2018-05-15,"1,288.90"
2018-05-14,"1,316.50"
2018-05-11,"1,319.00"
2018-05-10,"1,320.80"
2018-05-09,"1,311.30"
2018-05-08,"1,312.00"
2018-05-07,"1,312.20"
2018-05-04,"1,312.70"
2018-05-03,"1,310.70"
2018-05-02,"1,302.60"
2018-05-01,"1,303.80"
2018-04-30,"1,316.20"
2018-04-27,"1,320.30"
2018-04-26,"1,314.60"
2018-04-25,"1,321.20"
2018-04-24,"1,331.40"
2018-04-23,"1,322.50"
2018-04-20,"1,336.70"
2018-04-19,"1,346.80"
2018-04-18,"1,351.20"
2018-04-17,"1,347.20"
2018-04-16,"1,347.50"
2018-04-13,"1,344.80"
2018-04-12,"1,338.40"
2018-04-11,"1,356.50"
2018-04-10,"1,342.00"
2018-04-09,"1,336.30"
2018-04-06,"1,331.90"
2018-04-05,"1,324.30"
2018-04-04,"1,335.80"
2018-04-03,"1,332.80"
2018-04-02,"1,342.10"
2018-03-29,"1,322.80"
2018-03-28,"1,324.20"
2018-03-27,"1,342.00"
2018-03-26,"1,354.40"
2018-03-23,"1,349.30"
2018-03-22,"1,326.60"
2018-03-21,"1,320.70"
2018-03-20,"1,311.10"
2018-03-19,"1,316.80"
2018-03-16,"1,311.30"
2018-03-15,"1,316.80"
2018-03-14,"1,324.40"
2018-03-13,"1,325.90"
2018-03-12,"1,319.40"
2018-03-09,"1,322.40"
2018-03-08,"1,319.90"
2018-03-07,"1,326.00"
2018-03-06,"1,333.60"
2018-03-05,"1,318.10"
2018-03-02,"1,321.10"
2018-03-01,"1,302.90"
2018-02-28,"1,315.50"
2018-02-27,"1,315.50"
2018-02-26,"1,330.70"
2018-02-23,"1,328.20"
2018-02-22,"1,330.60"
2018-02-21,"1,330.00"
2018-02-20,"1,328.80"
2018-02-16,"1,353.20"
2018-02-15,"1,352.10"
2018-02-14,"1,355.50"
2018-02-13,"1,328.10"
2018-02-12,"1,324.20"
2018-02-09,"1,313.10"
2018-02-08,"1,316.90"
2018-02-07,"1,311.60"
2018-02-06,"1,326.10"
2018-02-05,"1,333.00"
2018-02-02,"1,333.70"
2018-02-01,"1,344.30"
2018-01-31,"1,339.00"
2018-01-30,"1,335.40"
2018-01-29,"1,339.80"
2018-01-26,"1,351.60"
2018-01-25,"1,362.40"
2018-01-24,"1,355.90"
2018-01-23,"1,335.70"
2018-01-22,"1,330.90"
2018-01-19,"1,331.90"
2018-01-18,"1,326.00"
2018-01-17,"1,338.00"
2018-01-16,"1,335.40"
2018-01-12,"1,333.40"
2018-01-11,"1,320.60"
2018-01-10,"1,317.40"
2018-01-09,"1,311.70"
2018-01-08,"1,318.60"
2018-01-05,"1,320.30"
2018-01-04,"1,319.40"
2018-01-03,"1,316.20"
2018-01-02,"1,313.70"
2017-12-29,"1,306.30"
2017-12-28,"1,294.10"
2017-12-27,"1,287.00"
2017-12-26,"1,284.10"
2017-12-22,"1,275.40"
2017-12-21,"1,267.30"
2017-12-20,"1,266.10"
2017-12-19,"1,260.70"
2017-12-18,"1,262.20"
2017-12-15,"1,254.30"
2017-12-14,"1,253.80"
2017-12-13,"1,245.40"
2017-12-12,"1,238.50"
2017-12-11,"1,243.70"
2017-12-08,"1,245.20"
2017-12-07,"1,249.80"
2017-12-06,"1,262.80"
2017-12-05,"1,261.60"
2017-12-04,"1,274.30"
2017-12-01,"1,278.80"
2017-11-30,"1,273.20"
2017-11-29,"1,282.10"
2017-11-28,"1,294.70"
2017-11-27,"1,293.80"
2017-11-24,"1,286.70"
2017-11-22,"1,291.60"
2017-11-21,"1,281.10"
2017-11-20,"1,274.60"
2017-11-17,"1,295.80"
2017-11-16,"1,277.40"
2017-11-15,"1,276.50"
2017-11-14,"1,281.50"
2017-11-13,"1,277.30"
2017-11-10,"1,272.40"
2017-11-09,"1,285.60"
2017-11-08,"1,281.60"
2017-11-07,"1,273.70"
2017-11-06,"1,279.40"
2017-11-03,"1,266.50"
2017-11-02,"1,274.90"
2017-11-01,"1,274.10"
2017-10-31,"1,267.00"
2017-10-30,"1,274.10"
2017-10-27,"1,268.20"
2017-10-26,"1,266.80"
2017-10-25,"1,276.30"
2017-10-24,"1,275.80"
2017-10-23,"1,278.80"
2017-10-20,"1,277.40"
2017-10-19,"1,286.90"
2017-10-18,"1,279.90"
2017-10-17,"1,283.00"
2017-10-16,"1,299.90"
2017-10-13,"1,301.50"
2017-10-12,"1,293.30"
2017-10-11,"1,285.80"
2017-10-10,"1,290.60"
2017-10-09,"1,281.80"
2017-10-06,"1,271.60"
2017-10-05,"1,269.90"
2017-10-04,"1,273.70"
2017-10-03,"1,271.50"
2017-10-02,"1,272.70"
2017-09-29,"1,281.50"
2017-09-28,"1,285.50"
2017-09-27,"1,283.40"
2017-09-26,"1,297.00"
2017-09-25,"1,306.80"
2017-09-22,"1,293.30"
2017-09-21,"1,290.60"
2017-09-20,"1,312.00"
2017-09-19,"1,306.20"
2017-09-18,"1,306.30"
2017-09-15,"1,320.40"
2017-09-14,"1,324.70"
2017-09-13,"1,323.40"
2017-09-12,"1,328.00"
2017-09-11,"1,331.00"
2017-09-08,"1,346.00"
2017-09-07,"1,345.10"
2017-09-06,"1,333.90"
2017-09-05,"1,339.20"
2017-09-01,"1,324.50"
2017-08-31,"1,316.20"
2017-08-30,"1,308.10"
2017-08-29,"1,313.10"
2017-08-28,"1,309.70"
2017-08-25,"1,292.50"
2017-08-24,"1,286.50"
2017-08-23,"1,288.90"
2017-08-22,"1,285.10"
2017-08-21,"1,290.80"
2017-08-18,"1,285.70"
2017-08-17,"1,286.40"
2017-08-16,"1,276.90"
2017-08-15,"1,273.70"
2017-08-14,"1,284.20"
2017-08-11,"1,287.70"
2017-08-10,"1,283.70"
2017-08-09,"1,273.00"
2017-08-08,"1,256.40"
2017-08-07,"1,258.20"
2017-08-04,"1,258.30"
2017-08-03,"1,267.80"
2017-08-02,"1,271.80"
2017-08-01,"1,272.60"
2017-07-31,"1,266.60"
2017-07-28,"1,268.40"
2017-07-27,"1,259.60"
2017-07-26,"1,249.00"
2017-07-25,"1,251.70"
2017-07-24,"1,253.90"
2017-07-21,"1,254.30"
2017-07-20,"1,244.80"
2017-07-19,"1,241.20"
2017-07-18,"1,241.10"
2017-07-17,"1,232.80"
2017-07-14,"1,226.60"
2017-07-13,"1,216.30"
2017-07-12,"1,218.10"
2017-07-11,"1,213.60"
2017-07-10,"1,212.10"
2017-07-07,"1,208.60"
2017-07-06,"1,222.20"
2017-07-05,"1,220.40"
2017-07-03,"1,217.90"
2017-06-30,"1,240.70"
2017-06-29,"1,244.20"
2017-06-28,"1,248.00"
2017-06-27,"1,246.40"
2017-06-26,"1,246.30"
2017-06-23,"1,256.20"
2017-06-22,"1,247.60"
2017-06-21,"1,243.40"
2017-06-20,"1,241.00"
2017-06-19,"1,244.20"
2017-06-16,"1,254.00"
2017-06-15,"1,252.20"
2017-06-14,"1,272.80"
2017-06-13,"1,265.80"
2017-06-12,"1,266.10"
2017-06-09,"1,268.50"
2017-06-08,"1,276.30"
2017-06-07,"1,290.10"
2017-06-06,"1,294.40"
2017-06-05,"1,279.30"
2017-06-02,"1,276.80"
2017-06-01,"1,267.00"
2017-05-31,"1,272.00"
2017-05-30,"1,262.10"
2017-05-26,"1,267.60"
2017-05-25,"1,255.80"
2017-05-24,"1,252.40"
2017-05-23,"1,254.80"
2017-05-22,"1,260.70"
2017-05-19,"1,252.70"
2017-05-18,"1,251.70"
2017-05-17,"1,257.50"
2017-05-16,"1,235.00"
2017-05-15,"1,228.60"
2017-05-12,"1,226.20"
2017-05-11,"1,222.70"
2017-05-10,"1,217.30"
2017-05-09,"1,214.30"
2017-05-08,"1,225.30"
2017-05-05,"1,224.80"
2017-05-04,"1,226.50"
2017-05-03,"1,246.40"
2017-05-02,"1,255.10"
2017-05-01,"1,253.30"
2017-04-28,"1,266.10"
2017-04-27,"1,263.70"
2017-04-26,"1,262.10"
2017-04-25,"1,265.60"
2017-04-24,"1,275.80"
2017-04-21,"1,287.40"
2017-04-20,"1,281.90"
2017-04-19,"1,281.40"
2017-04-18,"1,291.70"
2017-04-17,"1,289.40"
2017-04-13,"1,285.90"
2017-04-12,"1,275.30"
2017-04-11,"1,271.20"
2017-04-10,"1,251.10"
2017-04-07,"1,254.30"
2017-04-06,"1,250.30"
2017-04-05,"1,245.40"
2017-04-04,"1,255.00"
2017-04-03,"1,250.80"
2017-03-31,"1,247.30"
2017-03-30,"1,245.00"
2017-03-29,"1,253.40"
2017-03-28,"1,255.30"
2017-03-27,"1,255.40"
2017-03-24,"1,248.20"
2017-03-23,"1,246.90"
2017-03-22,"1,249.30"
2017-03-21,"1,246.10"
2017-03-20,"1,233.60"
2017-03-17,"1,229.80"
2017-03-16,"1,226.50"
2017-03-15,"1,200.10"
2017-03-14,"1,201.90"
2017-03-13,"1,202.40"
2017-03-10,"1,200.70"
2017-03-09,"1,202.40"
2017-03-08,"1,208.50"
2017-03-07,"1,215.10"
2017-03-06,"1,224.50"
2017-03-03,"1,225.50"
2017-03-02,"1,231.90"
2017-03-01,"1,248.90"
2017-02-28,"1,252.60"
2017-02-27,"1,257.40"
2017-02-24,"1,256.90"
2017-02-23,"1,250.20"
2017-02-22,"1,232.00"
2017-02-21,"1,237.50"
2017-02-17,"1,237.60"
2017-02-16,"1,240.00"
2017-02-15,"1,231.70"
2017-02-14,"1,223.90"
2017-02-13,"1,224.40"
2017-02-10,"1,234.40"
2017-02-09,"1,235.10"
2017-02-08,"1,237.60"
2017-02-07,"1,234.20"
2017-02-06,"1,230.00"
2017-02-03,"1,218.50"
2017-02-02,"1,216.70"
2017-02-01,"1,205.60"
2017-01-31,"1,208.60"
2017-01-30,"1,193.20"
2017-01-27,"1,188.10"
2017-01-26,"1,189.50"
2017-01-25,"1,197.30"
2017-01-24,"1,210.30"
2017-01-23,"1,215.00"
2017-01-20,"1,204.30"
2017-01-19,"1,200.90"
2017-01-18,"1,211.30"
2017-01-17,"1,212.00"
2017-01-13,"1,195.30"
2017-01-12,"1,198.90"
2017-01-11,"1,195.60"
2017-01-10,"1,184.20"
2017-01-09,"1,183.50"
2017-01-06,"1,171.90"
2017-01-05,"1,179.70"
2017-01-04,"1,163.80"
2017-01-03,"1,160.40"
2016-12-30,"1,150.00"
2016-12-29,"1,156.40"
2016-12-28,"1,139.40"
2016-12-27,"1,137.30"
2016-12-23,"1,131.90"
2016-12-22,"1,128.80"
2016-12-21,"1,131.10"
2016-12-20,"1,131.50"
2016-12-19,"1,140.50"
2016-12-16,"1,135.30"
2016-12-15,"1,127.80"
2016-12-14,"1,161.30"
2016-12-13,"1,156.70"
2016-12-12,"1,163.50"
2016-12-09,"1,159.40"
2016-12-08,"1,169.80"
2016-12-07,"1,175.00"
2016-12-06,"1,167.60"
2016-12-05,"1,174.00"
2016-12-02,"1,175.10"
2016-12-01,"1,166.90"
2016-11-30,"1,170.80"
2016-11-29,"1,187.90"
2016-11-28,"1,190.60"
2016-11-25,"1,178.20"
2016-11-23,"1,189.10"
2016-11-22,"1,211.00"
2016-11-21,"1,209.60"
2016-11-18,"1,208.50"
2016-11-17,"1,216.50"
2016-11-16,"1,223.40"
2016-11-15,"1,224.00"
2016-11-14,"1,221.20"
2016-11-11,"1,223.50"
2016-11-10,"1,265.50"
2016-11-09,"1,272.60"
2016-11-08,"1,273.40"
2016-11-07,"1,278.30"
2016-11-04,"1,303.30"
2016-11-03,"1,302.10"
2016-11-02,"1,306.80"
2016-11-01,"1,286.40"
2016-10-31,"1,271.50"
2016-10-28,"1,275.50"
2016-10-27,"1,267.90"
2016-10-26,"1,264.80"
2016-10-25,"1,271.90"
2016-10-24,"1,262.00"
2016-10-21,"1,265.90"
2016-10-20,"1,265.60"
2016-10-19,"1,267.90"
2016-10-18,"1,260.80"
2016-10-17,"1,254.40"
2016-10-14,"1,253.10"
2016-10-13,"1,255.00"
2016-10-12,"1,251.10"
2016-10-11,"1,253.00"
2016-10-10,"1,257.50"
2016-10-07,"1,248.90"
2016-10-06,"1,249.80"
2016-10-05,"1,265.20"
2016-10-04,"1,266.30"
2016-10-03,"1,309.00"
2016-09-30,"1,313.30"
2016-09-29,"1,321.70"
2016-09-28,"1,319.40"
2016-09-27,"1,325.90"
2016-09-26,"1,339.70"
2016-09-23,"1,337.20"
2016-09-22,"1,340.40"
2016-09-21,"1,326.90"
2016-09-20,"1,313.70"
2016-09-19,"1,313.50"
2016-09-16,"1,305.80"
2016-09-15,"1,313.50"
2016-09-14,"1,321.50"
2016-09-13,"1,319.00"
2016-09-12,"1,321.00"
2016-09-09,"1,330.10"
2016-09-08,"1,336.80"
2016-09-07,"1,344.30"
2016-09-06,"1,349.40"
2016-09-02,"1,322.10"
2016-09-01,"1,312.20"
2016-08-31,"1,306.90"
2016-08-30,"1,311.70"
2016-08-29,"1,322.90"
2016-08-26,"1,321.50"
2016-08-25,"1,320.10"
2016-08-24,"1,324.40"
2016-08-23,"1,340.60"
2016-08-22,"1,337.70"
2016-08-19,"1,340.40"
2016-08-18,"1,351.20"
2016-08-17,"1,342.70"
2016-08-16,"1,350.50"
2016-08-15,"1,340.30"
2016-08-12,"1,335.80"
2016-08-11,"1,342.50"
2016-08-10,"1,344.30"
2016-08-09,"1,339.00"
2016-08-08,"1,333.40"
2016-08-05,"1,336.40"
2016-08-04,"1,358.80"
2016-08-03,"1,356.10"
2016-08-02,"1,364.40"
2016-08-01,"1,351.40"
2016-07-29,"1,349.00"
2016-07-28,"1,332.30"
2016-07-27,"1,326.60"
2016-07-26,"1,320.70"
2016-07-25,"1,319.30"
2016-07-22,"1,323.10"
2016-07-21,"1,330.50"
2016-07-20,"1,318.80"
2016-07-19,"1,331.50"
2016-07-18,"1,328.40"
2016-07-15,"1,326.50"
2016-07-14,"1,331.30"
2016-07-13,"1,342.40"
2016-07-12,"1,334.10"
2016-07-11,"1,355.00"
2016-07-08,"1,356.60"
2016-07-07,"1,360.10"
2016-07-06,"1,364.90"
2016-07-05,"1,356.40"
2016-07-01,"1,336.70"
2016-06-30,"1,318.40"
2016-06-29,"1,323.90"
2016-06-28,"1,315.30"
2016-06-27,"1,322.50"
2016-06-24,"1,320.00"
2016-06-23,"1,261.20"
2016-06-22,"1,268.00"
2016-06-21,"1,270.50"
2016-06-20,"1,290.00"
2016-06-17,"1,292.50"
2016-06-16,"1,296.10"
2016-06-15,"1,285.80"
2016-06-14,"1,285.60"
2016-06-13,"1,284.40"
2016-06-10,"1,273.40"
2016-06-09,"1,270.20"
2016-06-08,"1,259.80"
2016-06-07,"1,244.40"
2016-06-06,"1,244.60"
2016-06-03,"1,240.10"
2016-06-02,"1,209.80"
2016-06-01,"1,211.90"
2016-05-31,"1,214.80"
2016-05-27,"1,213.80"
2016-05-26,"1,220.10"
2016-05-25,"1,223.50"
2016-05-24,"1,228.90"
2016-05-23,"1,251.10"
2016-05-20,"1,252.40"
2016-05-19,"1,254.20"
2016-05-18,"1,273.70"
2016-05-17,"1,276.20"
2016-05-16,"1,273.40"
2016-05-13,"1,271.90"
2016-05-12,"1,270.30"
2016-05-11,"1,274.60"
2016-05-10,"1,263.90"
2016-05-09,"1,265.60"
2016-05-06,"1,292.90"
2016-05-05,"1,271.40"
2016-05-04,"1,273.30"
2016-05-03,"1,290.70"
2016-05-02,"1,294.70"
2016-04-29,"1,289.20"
2016-04-28,"1,265.50"
2016-04-27,"1,249.20"
2016-04-26,"1,242.20"
2016-04-25,"1,238.90"
2016-04-22,"1,228.70"
2016-04-21,"1,249.00"
2016-04-20,"1,253.20"
2016-04-19,"1,253.00"
2016-04-18,"1,233.60"
2016-04-15,"1,233.10"
2016-04-14,"1,225.00"
2016-04-13,"1,246.80"
2016-04-12,"1,259.40"
2016-04-11,"1,256.70"
2016-04-08,"1,242.50"
2016-04-07,"1,236.20"
2016-04-06,"1,222.50"
2016-04-05,"1,228.40"
2016-04-04,"1,218.00"
2016-04-01,"1,222.20"
2016-03-31,"1,234.20"
2016-03-30,"1,226.90"
2016-03-29,"1,235.60"
2016-03-28,"1,219.90"
2016-03-24,"1,221.40"
2016-03-23,"1,223.70"
2016-03-22,"1,248.20"
2016-03-21,"1,243.80"
2016-03-18,"1,253.80"
2016-03-17,"1,264.50"
2016-03-16,"1,229.30"
2016-03-15,"1,230.40"
2016-03-14,"1,244.40"
2016-03-11,"1,258.70"
2016-03-10,"1,272.00"
2016-03-09,"1,256.60"
2016-03-08,"1,262.10"
2016-03-07,"1,263.20"
2016-03-04,"1,269.90"
2016-03-03,"1,257.40"
2016-03-02,"1,241.10"
2016-03-01,"1,230.30"
2016-02-29,"1,233.90"
2016-02-26,"1,219.80"
2016-02-25,"1,238.20"
2016-02-24,"1,238.70"
2016-02-23,"1,222.30"
2016-02-22,"1,209.50"
2016-02-19,"1,230.40"
2016-02-18,"1,226.10"
2016-02-17,"1,211.10"
2016-02-16,"1,207.90"
2016-02-15,"1,209.10"
2016-02-12,"1,239.10"
2016-02-11,"1,247.90"
2016-02-10,"1,194.70"
2016-02-09,"1,198.70"
2016-02-08,"1,197.90"
2016-02-05,"1,157.80"
2016-02-04,"1,157.60"
2016-02-03,"1,141.30"
2016-02-02,"1,127.30"
2016-02-01,"1,127.90"
2016-01-29,"1,116.40"
2016-01-28,"1,115.60"
2016-01-27,"1,116.10"
2016-01-26,"1,121.70"
2016-01-25,"1,106.20"
2016-01-22,"1,097.20"
2016-01-21,"1,099.10"
2016-01-20,"1,107.10"
2016-01-19,"1,089.90"
2016-01-18,"1,089.70"
2016-01-15,"1,091.50"
2016-01-14,"1,073.90"
2016-01-13,"1,087.50"
2016-01-12,"1,085.60"
2016-01-11,"1,096.50"
2016-01-08,"1,097.80"
2016-01-07,"1,107.70"
2016-01-06,"1,091.90"
2016-01-05,"1,078.40"
2016-01-04,"1,075.10"
2015-12-31,"1,060.30"
2015-12-30,"1,060.10"
2015-12-29,"1,077.50"
2015-12-28,"1,070.50"
2015-12-24,"1,077.20"
2015-12-23,"1,069.40"
2015-12-22,"1,074.80"
2015-12-21,"1,081.90"
2015-12-18,"1,066.20"
2015-12-17,"1,050.80"
2015-12-16,"1,078.00"
2015-12-15,"1,062.90"
2015-12-14,"1,064.70"
2015-12-11,"1,076.90"
2015-12-10,"1,073.10"
2015-12-09,"1,077.60"
2015-12-08,"1,076.30"
2015-12-07,"1,076.40"
2015-12-04,"1,084.50"
2015-12-03,"1,061.70"
2015-12-02,"1,054.20"
2015-12-01,"1,063.80"
2015-11-30,"1,065.80"
2015-11-27,"1,056.20"
2015-11-26,"1,070.90"
2015-11-25,"1,070.50"
2015-11-24,"1,074.30"
2015-11-23,"1,066.80"
2015-11-20,"1,076.40"
2015-11-19,"1,078.00"
2015-11-18,"1,068.80"
2015-11-17,"1,068.70"
2015-11-16,"1,083.70"
2015-11-13,"1,080.80"
2015-11-12,"1,080.80"
2015-11-11,"1,084.70"
2015-11-10,"1,088.20"
2015-11-09,"1,087.90"
2015-11-06,"1,087.60"
2015-11-05,"1,104.40"
2015-11-04,"1,106.50"
2015-11-03,"1,114.20"
2015-11-02,"1,135.80"
2015-10-30,"1,141.50"
2015-10-29,"1,147.20"
2015-10-28,"1,177.10"
2015-10-27,"1,166.80"
2015-10-26,"1,167.00"
2015-10-23,"1,163.30"
2015-10-22,"1,166.60"
2015-10-21,"1,167.60"
2015-10-20,"1,178.00"
2015-10-19,"1,173.30"
2015-10-16,"1,183.60"
2015-10-15,"1,187.90"
2015-10-14,"1,180.10"
2015-10-13,"1,165.80"
2015-10-12,"1,164.90"
2015-10-09,"1,156.30"
2015-10-08,"1,144.70"
2015-10-07,"1,149.00"
2015-10-06,"1,146.80"
2015-10-05,"1,138.10"
2015-10-02,"1,137.10"
2015-10-01,"1,114.20"
2015-09-30,"1,115.50"
2015-09-29,"1,127.10"
2015-09-28,"1,132.00"
2015-09-25,"1,146.00"
2015-09-24,"1,153.80"
2015-09-23,"1,131.60"
2015-09-22,"1,125.00"
2015-09-21,"1,133.10"
2015-09-18,"1,138.10"
2015-09-17,"1,117.30"
2015-09-16,"1,119.20"
2015-09-15,"1,102.80"
2015-09-14,"1,107.70"
2015-09-11,"1,103.50"
2015-09-10,"1,109.50"
2015-09-09,"1,102.20"
2015-09-08,"1,120.40"
2015-09-07,"1,118.00"
2015-09-04,"1,120.60"
2015-09-03,"1,123.70"
2015-09-02,"1,132.50"
2015-09-01,"1,138.70"
2015-08-31,"1,131.60"
2015-08-28,"1,133.10"
2015-08-27,"1,122.40"
2015-08-26,"1,124.60"
2015-08-25,"1,138.20"
2015-08-24,"1,153.40"
2015-08-21,"1,159.60"
2015-08-20,"1,153.00"
2015-08-19,"1,128.10"
2015-08-18,"1,117.10"
2015-08-17,"1,118.60"
2015-08-14,"1,112.90"
2015-08-13,"1,115.70"
2015-08-12,"1,123.20"
2015-08-11,"1,107.60"
2015-08-10,"1,104.20"
2015-08-07,"1,094.10"
2015-08-06,"1,090.20"
2015-08-05,"1,085.70"
2015-08-04,"1,090.70"
2015-08-03,"1,089.40"
2015-07-31,"1,094.90"
2015-07-30,"1,088.40"
2015-07-29,"1,092.60"
2015-07-28,"1,096.30"
2015-07-27,"1,096.50"
2015-07-24,"1,085.60"
2015-07-23,"1,094.00"
2015-07-22,"1,091.40"
2015-07-21,"1,103.40"
2015-07-20,"1,106.70"
2015-07-17,"1,131.80"
2015-07-16,"1,143.80"
2015-07-15,"1,147.20"
2015-07-14,"1,153.30"
2015-07-13,"1,155.20"
2015-07-10,"1,157.70"
2015-07-09,"1,159.00"
2015-07-08,"1,163.30"
2015-07-07,"1,152.40"
2015-07-06,"1,172.90"
2015-07-03,"1,167.10"
2015-07-02,"1,163.00"
2015-07-01,"1,169.00"
2015-06-30,"1,171.50"
2015-06-29,"1,178.50"
2015-06-26,"1,172.90"
2015-06-25,"1,171.50"
2015-06-24,"1,172.60"
2015-06-23,"1,176.20"
2015-06-22,"1,183.70"
2015-06-19,"1,201.50"
2015-06-18,"1,201.50"
2015-06-17,"1,176.40"
2015-06-16,"1,180.50"
2015-06-15,"1,185.30"
2015-06-12,"1,178.80"
2015-06-11,"1,179.90"
2015-06-10,"1,186.10"
2015-06-09,"1,177.30"
2015-06-08,"1,173.20"
2015-06-05,"1,167.80"
2015-06-04,"1,174.90"
2015-06-03,"1,184.70"
2015-06-02,"1,194.10"
2015-06-01,"1,188.30"
2015-05-29,"1,189.40"
2015-05-28,"1,188.10"
2015-05-27,"1,185.60"
2015-05-26,"1,187.20"
2015-05-25,"1,205.70"
2015-05-22,"1,204.30"
2015-05-21,"1,204.40"
2015-05-20,"1,208.90"
2015-05-19,"1,206.90"
2015-05-18,"1,227.80"
2015-05-15,"1,225.50"
2015-05-14,"1,225.40"
2015-05-13,"1,218.40"
2015-05-12,"1,192.60"
2015-05-11,"1,186.70"
2015-05-08,"1,192.70"
2015-05-07,"1,186.10"
2015-05-06,"1,194.10"
2015-05-05,"1,197.10"
2015-05-04,"1,190.60"
2015-05-01,"1,178.10"
2015-04-30,"1,186.10"
2015-04-29,"1,213.70"
2015-04-28,"1,217.60"
2015-04-27,"1,203.30"
2015-04-24,"1,175.20"
2015-04-23,"1,194.40"
2015-04-22,"1,186.90"
2015-04-21,"1,202.90"
2015-04-20,"1,193.50"
2015-04-17,"1,202.90"
2015-04-16,"1,198.00"
2015-04-15,"1,201.50"
2015-04-14,"1,192.80"
2015-04-13,"1,199.30"
2015-04-10,"1,204.60"
2015-04-09,"1,193.60"
2015-04-08,"1,203.10"
2015-04-07,"1,210.60"
2015-04-06,"1,218.60"
2015-04-02,"1,200.90"
2015-04-01,"1,208.10"
2015-03-31,"1,183.10"
2015-03-30,"1,184.80"
2015-03-27,"1,199.80"
2015-03-26,"1,205.10"
2015-03-25,"1,197.30"
2015-03-24,"1,191.70"
2015-03-23,"1,188.00"
2015-03-20,"1,184.80"
2015-03-19,"1,169.10"
2015-03-18,"1,151.40"
2015-03-17,"1,148.30"
2015-03-16,"1,153.30"
2015-03-13,"1,152.60"
2015-03-12,"1,152.10"
2015-03-11,"1,150.70"
2015-03-10,"1,160.10"
2015-03-09,"1,166.40"
2015-03-06,"1,164.10"
2015-03-05,"1,195.90"
2015-03-04,"1,200.60"
2015-03-03,"1,204.00"
2015-03-02,"1,207.70"
2015-02-27,"1,212.60"
2015-02-26,"1,209.60"
2015-02-25,"1,201.00"
2015-02-24,"1,196.90"
2015-02-23,"1,200.30"
2015-02-20,"1,204.40"
2015-02-19,"1,207.10"
2015-02-18,"1,199.70"
2015-02-17,"1,208.10"
2015-02-16,"1,230.00"
2015-02-13,"1,226.50"
2015-02-12,"1,220.10"
2015-02-11,"1,219.00"
2015-02-10,"1,231.60"
2015-02-09,"1,240.80"
2015-02-06,"1,233.90"
2015-02-05,"1,262.00"
2015-02-04,"1,263.80"
2015-02-03,"1,259.70"
2015-02-02,"1,276.20"
2015-01-30,"1,278.50"
2015-01-29,"1,254.60"
2015-01-28,"1,285.90"
2015-01-27,"1,291.70"
2015-01-26,"1,279.40"
2015-01-23,"1,292.60"
2015-01-22,"1,300.70"
2015-01-21,"1,293.70"
2015-01-20,"1,294.20"
2015-01-19,"1,276.60"
2015-01-16,"1,276.90"
2015-01-15,"1,264.70"
2015-01-14,"1,234.40"
2015-01-13,"1,234.30"
2015-01-12,"1,232.70"
2015-01-09,"1,216.00"
2015-01-08,"1,208.40"
2015-01-07,"1,210.60"
2015-01-06,"1,219.30"
2015-01-05,"1,203.90"
2015-01-02,"1,186.00"
2014-12-31,"1,183.90"
2014-12-30,"1,200.20"
2014-12-29,"1,181.70"
2014-12-26,"1,195.30"
2014-12-24,"1,173.50"
2014-12-23,"1,177.90"
2014-12-22,"1,179.70"
2014-12-19,"1,195.90"
2014-12-18,"1,194.70"
2014-12-17,"1,194.30"
2014-12-16,"1,193.90"
2014-12-15,"1,207.20"
2014-12-12,"1,222.00"
2014-12-11,"1,225.10"
2014-12-10,"1,228.90"
2014-12-09,"1,231.50"
2014-12-08,"1,194.70"
2014-12-05,"1,190.10"
2014-12-04,"1,207.50"
2014-12-03,"1,208.50"
2014-12-02,"1,199.20"
2014-12-01,"1,218.00"
2014-11-28,"1,175.20"
2014-11-26,"1,196.60"
2014-11-25,"1,197.10"
2014-11-24,"1,195.50"
2014-11-21,"1,197.50"
2014-11-20,"1,190.70"
2014-11-19,"1,193.60"
2014-11-18,"1,196.70"
2014-11-17,"1,183.00"
2014-11-14,"1,185.00"
2014-11-13,"1,161.10"
2014-11-12,"1,158.90"
2014-11-11,"1,162.80"
2014-11-10,"1,159.60"
2014-11-07,"1,169.60"
2014-11-06,"1,142.30"
2014-11-05,"1,145.40"
2014-11-04,"1,167.40"
2014-11-03,"1,169.40"
2014-10-31,"1,171.10"
2014-10-30,"1,198.10"
2014-10-29,"1,224.30"
2014-10-28,"1,229.20"
2014-10-27,"1,229.10"
2014-10-24,"1,231.20"
2014-10-23,"1,228.50"
2014-10-22,"1,244.80"
2014-10-21,"1,251.00"
2014-10-20,"1,244.00"
2014-10-17,"1,238.30"
2014-10-16,"1,240.50"
2014-10-15,"1,244.10"
2014-10-14,"1,233.60"
2014-10-13,"1,229.30"
2014-10-10,"1,221.00"
2014-10-09,"1,224.60"
2014-10-08,"1,205.30"
2014-10-07,"1,211.70"
2014-10-06,"1,206.70"
2014-10-03,"1,192.20"
2014-10-02,"1,214.20"
2014-10-01,"1,214.60"
2014-09-30,"1,210.50"
2014-09-29,"1,217.50"
2014-09-26,"1,214.10"
2014-09-25,"1,221.20"
2014-09-24,"1,218.60"
2014-09-23,"1,221.00"
2014-09-22,"1,216.80"
2014-09-19,"1,215.30"
2014-09-18,"1,225.70"
2014-09-17,"1,234.40"
2014-09-16,"1,235.20"
2014-09-15,"1,233.60"
2014-09-12,"1,229.90"
2014-09-11,"1,237.40"
2014-09-10,"1,243.50"
2014-09-09,"1,246.80"
2014-09-08,"1,252.70"
2014-09-05,"1,265.80"
2014-09-04,"1,265.10"
2014-09-03,"1,268.90"
2014-09-02,"1,263.70"
2014-09-01,"1,286.40"
2014-08-29,"1,285.80"
2014-08-28,"1,288.70"
2014-08-27,"1,281.90"
2014-08-26,"1,283.80"
2014-08-25,"1,277.30"
2014-08-22,"1,278.60"
2014-08-21,"1,273.70"
2014-08-20,"1,293.40"
2014-08-19,"1,295.10"
2014-08-18,"1,297.70"
2014-08-15,"1,304.50"
2014-08-14,"1,313.90"
2014-08-13,"1,312.80"
2014-08-12,"1,308.80"
2014-08-11,"1,308.50"
2014-08-08,"1,308.90"
2014-08-07,"1,310.80"
2014-08-06,"1,306.70"
2014-08-05,"1,284.00"
2014-08-04,"1,287.70"
2014-08-01,"1,293.60"
2014-07-31,"1,281.30"
2014-07-30,"1,294.90"
2014-07-29,"1,298.30"
2014-07-28,"1,303.30"
2014-07-25,"1,303.10"
2014-07-24,"1,290.60"
2014-07-23,"1,304.50"
2014-07-22,"1,306.10"
2014-07-21,"1,313.70"
2014-07-18,"1,309.20"
2014-07-17,"1,316.70"
2014-07-16,"1,299.60"
2014-07-15,"1,296.90"
2014-07-14,"1,306.30"
2014-07-11,"1,337.00"
2014-07-10,"1,338.70"
2014-07-09,"1,323.80"
2014-07-08,"1,316.00"
2014-07-07,"1,316.50"
2014-07-04,"1,320.70"
2014-07-03,"1,320.40"
2014-07-02,"1,330.70"
2014-07-01,"1,326.40"
2014-06-30,"1,321.80"
2014-06-27,"1,319.00"
2014-06-26,"1,316.10"
2014-06-25,"1,322.20"
2014-06-24,"1,320.90"
2014-06-23,"1,318.00"
2014-06-20,"1,316.20"
2014-06-19,"1,313.70"
2014-06-18,"1,272.40"
2014-06-17,"1,271.70"
2014-06-16,"1,274.90"
2014-06-13,"1,273.70"
2014-06-12,"1,273.60"
2014-06-11,"1,260.80"
2014-06-10,"1,259.80"
2014-06-09,"1,253.50"
2014-06-06,"1,252.10"
2014-06-05,"1,253.00"
2014-06-04,"1,244.00"
2014-06-03,"1,244.30"
2014-06-02,"1,243.70"
2014-05-30,"1,245.60"
2014-05-29,"1,256.30"
2014-05-28,"1,259.30"
2014-05-27,"1,265.40"
2014-05-26,"1,291.90"
2014-05-23,"1,291.60"
2014-05-22,"1,294.90"
2014-05-21,"1,288.00"
2014-05-20,"1,294.50"
2014-05-19,"1,293.70"
2014-05-16,"1,293.30"
2014-05-15,"1,293.50"
2014-05-14,"1,305.70"
2014-05-13,"1,294.60"
2014-05-12,"1,295.60"
2014-05-09,"1,287.30"
2014-05-08,"1,289.60"
2014-05-07,"1,288.00"
2014-05-06,"1,308.30"
2014-05-05,"1,309.00"
2014-05-02,"1,302.60"
2014-05-01,"1,283.10"
2014-04-30,"1,295.60"
2014-04-29,"1,296.00"
2014-04-28,"1,298.90"
2014-04-25,"1,300.70"
2014-04-24,"1,290.50"
2014-04-23,"1,284.20"
2014-04-22,"1,280.60"
2014-04-21,"1,288.00"
2014-04-17,"1,293.40"
2014-04-16,"1,303.10"
2014-04-15,"1,300.00"
2014-04-14,"1,327.20"
2014-04-11,"1,318.70"
2014-04-10,"1,320.10"
2014-04-09,"1,305.50"
2014-04-08,"1,308.70"
2014-04-07,"1,298.00"
2014-04-04,"1,303.20"
2014-04-03,"1,284.40"
2014-04-02,"1,290.50"
2014-04-01,"1,279.60"
2014-03-31,"1,283.40"
2014-03-28,"1,293.80"
2014-03-27,"1,294.70"
2014-03-26,"1,303.40"
2014-03-25,"1,311.40"
2014-03-24,"1,311.20"
2014-03-21,"1,336.00"
2014-03-20,"1,330.50"
2014-03-19,"1,341.40"
2014-03-18,"1,359.00"
2014-03-17,"1,372.90"
2014-03-14,"1,379.00"
2014-03-13,"1,372.20"
2014-03-12,"1,370.30"
2014-03-11,"1,346.50"
2014-03-10,"1,341.40"
2014-03-07,"1,338.10"
2014-03-06,"1,351.70"
2014-03-05,"1,340.20"
2014-03-04,"1,337.80"
2014-03-03,"1,350.10"
2014-02-28,"1,321.40"
2014-02-27,"1,331.60"
2014-02-26,"1,328.20"
2014-02-25,"1,343.00"
2014-02-24,"1,338.30"
2014-02-21,"1,323.90"
2014-02-20,"1,317.10"
2014-02-19,"1,320.60"
2014-02-18,"1,324.70"
2014-02-14,"1,319.00"
2014-02-13,"1,300.40"
2014-02-12,"1,295.30"
2014-02-11,"1,290.10"
2014-02-10,"1,274.80"
2014-02-07,"1,263.30"
2014-02-06,"1,257.60"
2014-02-05,"1,257.30"
2014-02-04,"1,251.70"
2014-02-03,"1,260.40"
2014-01-31,"1,240.10"
2014-01-30,"1,242.20"
2014-01-29,"1,262.20"
2014-01-28,"1,251.00"
2014-01-27,"1,263.60"
2014-01-24,"1,264.50"
2014-01-23,"1,262.60"
2014-01-22,"1,239.00"
2014-01-21,"1,242.30"
2014-01-20,"1,257.20"
2014-01-17,"1,251.70"
2014-01-16,"1,240.00"
2014-01-15,"1,238.10"
2014-01-14,"1,245.20"
2014-01-13,"1,250.90"
2014-01-10,"1,246.70"
2014-01-09,"1,229.30"
2014-01-08,"1,225.30"
2014-01-07,"1,229.40"
2014-01-06,"1,237.80"
2014-01-03,"1,238.40"
2014-01-02,"1,225.00"
2013-12-31,"1,201.90"
2013-12-30,"1,203.10"
2013-12-27,"1,214.10"
2013-12-26,"1,214.10"
2013-12-24,"1,205.10"
2013-12-23,"1,198.40"
2013-12-20,"1,205.10"
2013-12-19,"1,195.00"
2013-12-18,"1,236.10"
2013-12-17,"1,231.20"
2013-12-16,"1,245.50"
2013-12-13,"1,235.70"
2013-12-12,"1,226.00"
2013-12-11,"1,258.50"
2013-12-10,"1,262.40"
2013-12-09,"1,235.30"
2013-12-06,"1,230.30"
2013-12-05,"1,233.20"
2013-12-04,"1,248.20"
2013-12-03,"1,221.70"
2013-12-02,"1,222.30"
2013-11-29,"1,250.60"
2013-11-28,"1,244.50"
2013-11-27,"1,237.80"
2013-11-26,"1,241.40"
2013-11-25,"1,241.10"
2013-11-22,"1,244.00"
2013-11-21,"1,243.50"
2013-11-20,"1,257.90"
2013-11-19,"1,273.40"
2013-11-18,"1,272.20"
2013-11-15,"1,287.30"
2013-11-14,"1,286.20"
2013-11-13,"1,268.30"
2013-11-12,"1,271.10"
2013-11-11,"1,281.00"
2013-11-08,"1,284.50"
2013-11-07,"1,308.40"
2013-11-06,"1,317.70"
2013-11-05,"1,308.00"
2013-11-04,"1,314.60"
2013-11-01,"1,313.10"
2013-10-31,"1,323.60"
2013-10-30,"1,349.00"
2013-10-29,"1,345.20"
2013-10-28,"1,352.00"
2013-10-25,"1,352.40"
2013-10-24,"1,350.20"
2013-10-23,"1,333.90"
2013-10-22,"1,342.50"
2013-10-21,"1,315.70"
2013-10-18,"1,314.40"
2013-10-17,"1,322.70"
2013-10-16,"1,282.00"
2013-10-15,"1,273.00"
2013-10-14,"1,276.40"
2013-10-11,"1,268.00"
2013-10-10,"1,296.60"
2013-10-09,"1,306.90"
2013-10-08,"1,324.20"
2013-10-07,"1,324.80"
2013-10-04,"1,309.70"
2013-10-03,"1,317.40"
2013-10-02,"1,320.60"
2013-10-01,"1,286.00"
2013-09-30,"1,326.50"
2013-09-27,"1,338.40"
2013-09-26,"1,323.60"
2013-09-25,"1,335.90"
2013-09-24,"1,316.00"
2013-09-23,"1,326.90"
2013-09-20,"1,332.50"
2013-09-19,"1,369.40"
2013-09-18,"1,307.80"
2013-09-17,"1,309.50"
2013-09-16,"1,317.90"
2013-09-13,"1,308.40"
2013-09-12,"1,330.40"
2013-09-11,"1,363.90"
2013-09-10,"1,364.10"
2013-09-09,"1,386.80"
2013-09-06,"1,386.70"
2013-09-05,"1,373.10"
2013-09-04,"1,389.90"
2013-09-03,"1,412.00"
2013-09-02,"1,390.70"
2013-08-30,"1,396.10"
2013-08-29,"1,412.90"
2013-08-28,"1,418.60"
2013-08-27,"1,420.60"
2013-08-26,"1,393.00"
2013-08-23,"1,395.70"
2013-08-22,"1,371.20"
2013-08-21,"1,370.60"
2013-08-20,"1,373.10"
2013-08-19,"1,366.20"
2013-08-16,"1,371.70"
2013-08-15,"1,361.60"
2013-08-14,"1,334.00"
2013-08-13,"1,321.20"
2013-08-12,"1,334.70"
2013-08-09,"1,312.90"
2013-08-08,"1,310.70"
2013-08-07,"1,286.10"
2013-08-06,"1,283.20"
2013-08-05,"1,302.60"
2013-08-02,"1,310.60"
2013-08-01,"1,311.00"
2013-07-31,"1,312.40"
2013-07-30,"1,324.00"
2013-07-29,"1,328.40"
2013-07-26,"1,321.70"
2013-07-25,"1,329.00"
2013-07-24,"1,319.70"
2013-07-23,"1,335.10"
2013-07-22,"1,336.40"
2013-07-19,"1,293.30"
2013-07-18,"1,284.60"
2013-07-17,"1,277.90"
2013-07-16,"1,290.80"
2013-07-15,"1,283.80"
2013-07-12,"1,277.80"
2013-07-11,"1,280.10"
2013-07-10,"1,247.40"
2013-07-09,"1,245.90"
2013-07-08,"1,234.90"
2013-07-05,"1,212.90"
2013-07-04,"1,249.40"
2013-07-03,"1,252.10"
2013-07-02,"1,243.60"
2013-07-01,"1,255.90"
2013-06-28,"1,223.80"
2013-06-27,"1,211.40"
2013-06-26,"1,229.60"
2013-06-25,"1,274.80"
2013-06-24,"1,276.80"
2013-06-21,"1,291.60"
2013-06-20,"1,285.90"
2013-06-19,"1,373.60"
2013-06-18,"1,366.60"
2013-06-17,"1,382.80"
2013-06-14,"1,387.30"
2013-06-13,"1,377.60"
2013-06-12,"1,391.80"
2013-06-11,"1,377.00"
2013-06-10,"1,386.20"
2013-06-07,"1,383.00"
2013-06-06,"1,415.70"
2013-06-05,"1,398.40"
2013-06-04,"1,397.10"
2013-06-03,"1,411.70"
2013-05-31,"1,392.60"
2013-05-30,"1,411.50"
2013-05-29,"1,391.30"
2013-05-28,"1,378.90"
2013-05-27,"1,393.30"
2013-05-24,"1,386.60"
2013-05-23,"1,391.80"
2013-05-22,"1,367.40"
2013-05-21,"1,377.60"
2013-05-20,"1,384.10"
2013-05-17,"1,364.70"
2013-05-16,"1,386.90"
2013-05-15,"1,396.20"
2013-05-14,"1,424.50"
2013-05-13,"1,434.30"
2013-05-10,"1,436.60"
2013-05-09,"1,468.60"
2013-05-08,"1,473.70"
2013-05-07,"1,448.80"
2013-05-06,"1,468.10"
2013-05-03,"1,464.30"
2013-05-02,"1,467.70"
2013-05-01,"1,446.30"
2013-04-30,"1,472.20"
2013-04-29,"1,467.40"
2013-04-26,"1,453.60"
2013-04-25,"1,461.80"
2013-04-24,"1,423.40"
2013-04-23,"1,408.60"
2013-04-22,"1,421.00"
2013-04-19,"1,395.30"
2013-04-18,"1,392.00"
2013-04-17,"1,382.20"
2013-04-16,"1,386.80"
2013-04-15,"1,360.60"
2013-04-12,"1,501.00"
2013-04-11,"1,564.30"
2013-04-10,"1,558.30"
2013-04-09,"1,586.20"
2013-04-08,"1,572.00"
2013-04-05,"1,575.40"
2013-04-04,"1,551.80"
2013-04-03,"1,552.80"
2013-04-02,"1,575.10"
2013-04-01,"1,600.00"
2013-03-28,"1,594.80"
2013-03-27,"1,606.20"
2013-03-26,"1,595.70"
2013-03-25,"1,604.60"
2013-03-22,"1,606.20"
2013-03-21,"1,613.80"
2013-03-20,"1,607.50"
2013-03-19,"1,611.30"
2013-03-18,"1,604.60"
2013-03-15,"1,592.50"
2013-03-14,"1,590.60"
2013-03-13,"1,588.30"
2013-03-12,"1,591.50"
2013-03-11,"1,577.80"
2013-03-08,"1,576.60"
2013-03-07,"1,574.80"
2013-03-06,"1,574.60"
2013-03-05,"1,574.60"
2013-03-04,"1,572.10"
2013-03-01,"1,571.90"
2013-02-28,"1,577.70"
2013-02-27,"1,595.20"
2013-02-26,"1,615.00"
2013-02-25,"1,586.20"
2013-02-22,"1,572.40"
2013-02-21,"1,578.20"
2013-02-20,"1,577.60"
2013-02-19,"1,603.60"
2013-02-18,"1,609.40"
2013-02-15,"1,608.80"
2013-02-14,"1,634.70"
2013-02-13,"1,644.20"
2013-02-12,"1,648.70"
2013-02-11,"1,648.20"
2013-02-08,"1,666.00"
2013-02-07,"1,670.40"
2013-02-06,"1,677.70"
2013-02-05,"1,672.40"
2013-02-04,"1,675.30"
2013-02-01,"1,669.40"
2013-01-31,"1,660.60"
2013-01-30,"1,679.90"
2013-01-29,"1,660.80"
2013-01-28,"1,652.40"
2013-01-25,"1,656.40"
2013-01-24,"1,669.50"
2013-01-23,"1,686.30"
2013-01-22,"1,692.80"
2013-01-21,"1,687.80"
2013-01-18,"1,686.60"
2013-01-17,"1,690.40"
2013-01-16,"1,682.70"
2013-01-15,"1,683.40"
2013-01-14,"1,668.90"
2013-01-11,"1,660.00"
2013-01-10,"1,677.30"
2013-01-09,"1,654.80"
2013-01-08,"1,661.50"
2013-01-07,"1,645.50"
2013-01-04,"1,648.10"
2013-01-03,"1,673.70"
2013-01-02,"1,687.90"
2012-12-31,"1,674.80"
2012-12-28,"1,654.90"
2012-12-27,"1,662.70"
2012-12-26,"1,659.80"
2012-12-24,"1,658.60"
2012-12-21,"1,659.10"
2012-12-20,"1,644.90"
2012-12-19,"1,666.50"
2012-12-18,"1,669.50"
2012-12-17,"1,697.00"
2012-12-14,"1,695.80"
2012-12-13,"1,695.60"
2012-12-12,"1,716.60"
2012-12-11,"1,708.20"
2012-12-10,"1,713.00"
2012-12-07,"1,704.00"
2012-12-06,"1,700.30"
2012-12-05,"1,692.40"
2012-12-04,"1,694.40"
2012-12-03,"1,719.60"
2012-11-30,"1,710.90"
2012-11-29,"1,727.20"
2012-11-28,"1,716.50"
2012-11-27,"1,742.20"
2012-11-26,"1,749.50"
2012-11-23,"1,751.30"
2012-11-22,"1,725.80"
2012-11-21,"1,727.90"
2012-11-20,"1,723.20"
2012-11-19,"1,734.00"
2012-11-16,"1,714.30"
2012-11-15,"1,713.30"
2012-11-14,"1,729.50"
2012-11-13,"1,724.20"
2012-11-12,"1,730.30"
2012-11-09,"1,730.30"
2012-11-08,"1,725.40"
2012-11-07,"1,713.20"
2012-11-06,"1,714.10"
2012-11-05,"1,682.20"
2012-11-02,"1,674.10"
2012-11-01,"1,714.10"
2012-10-31,"1,717.50"
2012-10-30,"1,710.50"
2012-10-29,"1,707.70"
2012-10-26,"1,710.90"
2012-10-25,"1,712.00"
2012-10-24,"1,700.50"
2012-10-23,"1,708.30"
2012-10-22,"1,725.10"
2012-10-19,"1,722.80"
2012-10-18,"1,743.30"
2012-10-17,"1,751.50"
2012-10-16,"1,744.70"
2012-10-15,"1,736.00"
2012-10-12,"1,758.00"
2012-10-11,"1,768.80"
2012-10-10,"1,763.20"
2012-10-09,"1,763.00"
2012-10-08,"1,773.50"
2012-10-05,"1,778.60"
2012-10-04,"1,794.10"
2012-10-03,"1,777.30"
2012-10-02,"1,772.70"
2012-10-01,"1,780.50"
2012-09-28,"1,771.10"
2012-09-27,"1,777.60"
2012-09-26,"1,750.70"
2012-09-25,"1,763.80"
2012-09-24,"1,762.10"
2012-09-21,"1,775.50"
2012-09-20,"1,767.70"
2012-09-19,"1,769.00"
2012-09-18,"1,768.40"
2012-09-17,"1,767.70"
2012-09-14,"1,769.80"
2012-09-13,"1,769.10"
2012-09-12,"1,730.60"
2012-09-11,"1,731.80"
2012-09-10,"1,728.70"
2012-09-07,"1,737.50"
2012-09-06,"1,702.60"
2012-09-05,"1,690.80"
2012-09-04,"1,692.90"
2012-09-03,"1,687.70"
2012-08-31,"1,684.60"
2012-08-30,"1,653.50"
2012-08-29,"1,659.50"
2012-08-28,"1,666.50"
2012-08-27,"1,672.40"
2012-08-24,"1,669.80"
2012-08-23,"1,669.60"
2012-08-22,"1,637.40"
2012-08-21,"1,639.90"
2012-08-20,"1,620.10"
2012-08-17,"1,616.30"
2012-08-16,"1,616.10"
2012-08-15,"1,603.70"
2012-08-14,"1,599.40"
2012-08-13,"1,609.60"
2012-08-10,"1,619.70"
2012-08-09,"1,617.10"
2012-08-08,"1,612.90"
2012-08-07,"1,609.70"
2012-08-06,"1,612.90"
2012-08-03,"1,606.00"
2012-08-02,"1,587.40"
2012-08-01,"1,603.70"
2012-07-31,"1,610.50"
2012-07-30,"1,619.70"
2012-07-27,"1,618.00"
2012-07-26,"1,615.10"
2012-07-25,"1,608.00"
2012-07-24,"1,576.00"
2012-07-23,"1,577.10"
2012-07-20,"1,582.50"
2012-07-19,"1,580.10"
2012-07-18,"1,570.40"
2012-07-17,"1,589.10"
2012-07-16,"1,591.20"
2012-07-13,"1,591.60"
2012-07-12,"1,564.90"
2012-07-11,"1,575.20"
2012-07-10,"1,579.30"
2012-07-09,"1,588.60"
2012-07-06,"1,578.40"
2012-07-05,"1,608.90"
2012-07-04,"1,616.20"
2012-07-03,"1,621.30"
2012-07-02,"1,597.20"
2012-06-29,"1,603.50"
2012-06-28,"1,549.70"
2012-06-27,"1,577.60"
2012-06-26,"1,574.00"
2012-06-25,"1,587.50"
2012-06-22,"1,566.00"
2012-06-21,"1,564.50"
2012-06-20,"1,614.80"
2012-06-19,"1,622.20"
2012-06-18,"1,625.70"
2012-06-15,"1,627.00"
2012-06-14,"1,618.40"
2012-06-13,"1,618.10"
2012-06-12,"1,612.70"
2012-06-11,"1,595.50"
2012-06-08,"1,590.10"
2012-06-07,"1,586.60"
2012-06-06,"1,632.80"
2012-06-05,"1,615.20"
2012-06-04,"1,612.20"
2012-06-01,"1,620.50"
2012-05-31,"1,562.60"
2012-05-30,"1,563.40"
2012-05-29,"1,548.70"
2012-05-28,"1,575.40"
2012-05-25,"1,568.80"
2012-05-24,"1,557.30"
2012-05-23,"1,548.10"
2012-05-22,"1,576.30"
2012-05-21,"1,588.40"
2012-05-18,"1,591.60"
2012-05-17,"1,574.50"
2012-05-16,"1,536.20"
2012-05-15,"1,556.80"
2012-05-14,"1,560.60"
2012-05-11,"1,583.60"
2012-05-10,"1,595.10"
2012-05-09,"1,593.70"
2012-05-08,"1,604.00"
2012-05-07,"1,638.60"
2012-05-04,"1,644.70"
2012-05-03,"1,634.20"
2012-05-02,"1,653.40"
2012-05-01,"1,661.70"
2012-04-30,"1,663.40"
2012-04-27,"1,664.00"
2012-04-26,"1,659.60"
2012-04-25,"1,641.40"
2012-04-24,"1,643.00"
2012-04-23,"1,631.90"
2012-04-20,"1,642.10"
2012-04-19,"1,640.60"
2012-04-18,"1,638.80"
2012-04-17,"1,650.30"
2012-04-16,"1,648.70"
2012-04-13,"1,659.10"
2012-04-12,"1,679.50"
2012-04-11,"1,659.00"
2012-04-10,"1,659.50"
2012-04-09,"1,642.50"
2012-04-05,"1,628.50"
2012-04-04,"1,612.30"
2012-04-03,"1,670.00"
2012-04-02,"1,677.50"
2012-03-30,"1,669.30"
2012-03-29,"1,652.20"
2012-03-28,"1,657.90"
2012-03-27,"1,684.80"
2012-03-26,"1,685.50"
2012-03-23,"1,662.30"
2012-03-22,"1,642.30"
2012-03-21,"1,650.00"
2012-03-20,"1,646.70"
2012-03-19,"1,666.90"
2012-03-16,"1,655.50"
2012-03-15,"1,659.10"
2012-03-14,"1,642.50"
2012-03-13,"1,693.70"
2012-03-12,"1,699.20"
2012-03-09,"1,710.90"
2012-03-08,"1,698.10"
2012-03-07,"1,683.30"
2012-03-06,"1,671.40"
2012-03-05,"1,703.00"
2012-03-02,"1,708.80"
2012-03-01,"1,721.10"
2012-02-29,"1,709.90"
2012-02-28,"1,787.00"
2012-02-27,"1,773.60"
2012-02-24,"1,775.10"
2012-02-23,"1,784.90"
2012-02-22,"1,770.00"
2012-02-21,"1,757.10"
2012-02-20,"1,733.70"
2012-02-17,"1,724.50"
2012-02-16,"1,726.80"
2012-02-15,"1,726.30"
2012-02-14,"1,715.90"
2012-02-13,"1,723.00"
2012-02-10,"1,723.30"
2012-02-09,"1,739.00"
2012-02-08,"1,729.30"
2012-02-07,"1,746.40"
2012-02-06,"1,722.80"
2012-02-03,"1,737.90"
2012-02-02,"1,756.80"
2012-02-01,"1,747.10"
2012-01-31,"1,737.80"
2012-01-30,"1,731.00"
2012-01-27,"1,732.20"
2012-01-26,"1,726.70"
2012-01-25,"1,699.80"
2012-01-24,"1,664.20"
2012-01-23,"1,678.00"
2012-01-20,"1,663.70"
2012-01-19,"1,654.10"
2012-01-18,"1,659.50"
2012-01-17,"1,655.20"
2012-01-16,"1,645.20"
2012-01-13,"1,630.40"
2012-01-12,"1,647.30"
2012-01-11,"1,639.20"
2012-01-10,"1,631.00"
2012-01-09,"1,607.50"
2012-01-06,"1,616.10"
2012-01-05,"1,619.40"
2012-01-04,"1,611.90"
2012-01-03,"1,599.70"
2012-01-02,"1,565.80"
2011-12-30,"1,565.80"
2011-12-29,"1,539.90"
2011-12-28,"1,563.00"
2011-12-27,"1,594.20"
2011-12-26,"1,604.70"
2011-12-23,"1,604.70"
2011-12-22,"1,608.90"
2011-12-21,"1,611.90"
2011-12-20,"1,615.60"
2011-12-19,"1,594.40"
2011-12-16,"1,595.60"
2011-12-15,"1,574.60"
2011-12-14,"1,584.30"
2011-12-13,"1,659.90"
2011-12-12,"1,664.20"
2011-12-09,"1,712.80"
2011-12-08,"1,709.80"
2011-12-07,"1,740.90"
2011-12-06,"1,727.90"
2011-12-05,"1,730.70"
2011-12-02,"1,747.00"
2011-12-01,"1,735.30"
2011-11-30,"1,745.50"
2011-11-29,"1,713.40"
2011-11-28,"1,710.80"
2011-11-25,"1,685.50"
2011-11-24,"1,690.10"
2011-11-23,"1,695.70"
2011-11-22,"1,702.20"
2011-11-21,"1,678.30"
2011-11-18,"1,724.70"
2011-11-17,"1,719.80"
2011-11-16,"1,773.80"
2011-11-15,"1,781.70"
2011-11-14,"1,777.80"
2011-11-11,"1,787.50"
2011-11-10,"1,758.90"
2011-11-09,"1,790.90"
2011-11-08,"1,798.40"
2011-11-07,"1,790.30"
2011-11-04,"1,755.30"
2011-11-03,"1,764.20"
2011-11-02,"1,728.70"
2011-11-01,"1,711.00"
2011-10-31,"1,724.20"
2011-10-28,"1,746.20"
2011-10-27,"1,746.70"
2011-10-26,"1,722.70"
2011-10-25,"1,699.60"
2011-10-24,"1,651.50"
2011-10-21,"1,635.10"
2011-10-20,"1,611.90"
2011-10-19,"1,646.00"
2011-10-18,"1,651.70"
2011-10-17,"1,675.50"
2011-10-14,"1,681.80"
2011-10-13,"1,667.30"
2011-10-12,"1,681.30"
2011-10-11,"1,659.70"
2011-10-10,"1,669.60"
2011-10-07,"1,634.50"
2011-10-06,"1,651.90"
2011-10-05,"1,640.30"
2011-10-04,"1,614.70"
2011-10-03,"1,656.00"
2011-09-30,"1,620.40"
2011-09-29,"1,615.50"
2011-09-28,"1,616.10"
2011-09-27,"1,650.60"
2011-09-26,"1,592.50"
2011-09-23,"1,637.50"
2011-09-22,"1,739.20"
2011-09-21,"1,805.50"
2011-09-20,"1,806.60"
2011-09-19,"1,776.40"
2011-09-16,"1,812.10"
2011-09-15,"1,778.50"
2011-09-14,"1,823.50"
2011-09-13,"1,826.80"
2011-09-12,"1,809.90"
2011-09-09,"1,856.40"
2011-09-08,"1,854.40"
2011-09-07,"1,814.20"
2011-09-06,"1,869.90"
2011-09-05,"1,899.00"
2011-09-02,"1,873.70"
2011-09-01,"1,826.00"
2011-08-31,"1,828.50"
2011-08-30,"1,826.70"
2011-08-29,"1,788.40"
2011-08-26,"1,794.10"
2011-08-25,"1,759.80"
2011-08-24,"1,754.10"
2011-08-23,"1,858.30"
2011-08-22,"1,888.70"
2011-08-19,"1,848.90"
2011-08-18,"1,818.90"
2011-08-17,"1,791.20"
2011-08-16,"1,782.40"
2011-08-15,"1,755.50"
2011-08-12,"1,740.20"
2011-08-11,"1,748.80"
2011-08-10,"1,781.30"
2011-08-09,"1,740.00"
2011-08-08,"1,710.20"
2011-08-05,"1,648.80"
2011-08-04,"1,656.20"
2011-08-03,"1,663.40"
2011-08-02,"1,641.90"
2011-08-01,"1,619.00"
2011-07-29,"1,628.30"
2011-07-28,"1,613.40"
2011-07-27,"1,615.10"
2011-07-26,"1,616.60"
2011-07-25,"1,612.00"
2011-07-22,"1,601.30"
2011-07-21,"1,586.80"
2011-07-20,"1,596.70"
2011-07-19,"1,600.90"
2011-07-18,"1,602.10"
2011-07-15,"1,589.80"
2011-07-14,"1,589.00"
2011-07-13,"1,585.20"
2011-07-12,"1,561.90"
2011-07-11,"1,548.80"
2011-07-08,"1,541.20"
2011-07-07,"1,530.20"
2011-07-06,"1,528.70"
2011-07-05,"1,512.30"
2011-07-01,"1,482.30"
2011-06-30,"1,502.30"
2011-06-29,"1,509.90"
2011-06-28,"1,499.70"
2011-06-27,"1,496.00"
2011-06-24,"1,500.50"
2011-06-23,"1,520.10"
2011-06-22,"1,552.90"
2011-06-21,"1,546.00"
2011-06-20,"1,541.50"
2011-06-17,"1,538.60"
2011-06-16,"1,529.30"
2011-06-15,"1,525.60"
2011-06-14,"1,523.80"
2011-06-13,"1,515.00"
2011-06-10,"1,528.60"
2011-06-09,"1,542.10"
2011-06-08,"1,538.10"
2011-06-07,"1,543.30"
2011-06-06,"1,546.50"
2011-06-03,"1,541.70"
2011-06-02,"1,532.00"
2011-06-01,"1,542.40"
2011-05-31,"1,535.90"
2011-05-27,"1,536.30"
2011-05-26,"1,522.80"
2011-05-25,"1,526.60"
2011-05-24,"1,523.20"
2011-05-23,"1,515.30"
2011-05-20,"1,508.80"
2011-05-19,"1,492.20"
2011-05-18,"1,495.60"
2011-05-17,"1,479.80"
2011-05-16,"1,490.40"
2011-05-13,"1,493.40"
2011-05-12,"1,506.60"
2011-05-11,"1,501.10"
2011-05-10,"1,516.60"
2011-05-09,"1,502.90"
2011-05-06,"1,491.20"
2011-05-05,"1,480.90"
2011-05-04,"1,514.90"
2011-05-03,"1,540.10"
2011-05-02,"1,556.70"
2011-04-29,"1,556.00"
2011-04-28,"1,530.80"
2011-04-27,"1,516.60"
2011-04-26,"1,503.00"
2011-04-25,"1,508.60"
2011-04-21,"1,503.20"
2011-04-20,"1,498.30"
2011-04-19,"1,494.50"
2011-04-18,"1,492.30"
2011-04-15,"1,485.30"
2011-04-14,"1,471.70"
2011-04-13,"1,454.90"
2011-04-12,"1,452.90"
2011-04-11,"1,467.40"
2011-04-08,"1,473.40"
2011-04-07,"1,458.50"
2011-04-06,"1,457.70"
2011-04-05,"1,451.80"
2011-04-04,"1,432.20"
2011-04-01,"1,428.10"
2011-03-31,"1,438.90"
2011-03-30,"1,423.80"
2011-03-29,"1,416.20"
2011-03-28,"1,419.80"
2011-03-25,"1,426.10"
2011-03-24,"1,434.80"
2011-03-23,"1,437.90"
2011-03-22,"1,427.50"
2011-03-21,"1,426.20"
2011-03-18,"1,415.90"
2011-03-17,"1,404.00"
2011-03-16,"1,396.00"
2011-03-15,"1,392.60"
2011-03-14,"1,424.60"
2011-03-11,"1,421.50"
2011-03-10,"1,412.20"
2011-03-09,"1,429.30"
2011-03-08,"1,426.90"
2011-03-07,"1,434.10"
2011-03-04,"1,428.20"
2011-03-03,"1,416.00"
2011-03-02,"1,437.20"
2011-03-01,"1,430.70"
2011-02-28,"1,409.30"
2011-02-25,"1,408.70"
2011-02-24,"1,415.20"
2011-02-23,"1,413.40"
2011-02-22,"1,400.50"
2011-02-18,"1,388.20"
2011-02-17,"1,384.70"
2011-02-16,"1,374.70"
2011-02-15,"1,373.60"
2011-02-14,"1,364.60"
2011-02-11,"1,359.90"
2011-02-10,"1,361.90"
2011-02-09,"1,364.80"
2011-02-08,"1,363.40"
2011-02-07,"1,347.60"
2011-02-04,"1,348.30"
2011-02-03,"1,352.30"
2011-02-02,"1,331.50"
2011-02-01,"1,339.60"
2011-01-31,"1,333.80"
2011-01-28,"1,340.70"
2011-01-27,"1,318.40"
2011-01-26,"1,333.00"
2011-01-25,"1,332.30"
2011-01-24,"1,344.50"
2011-01-21,"1,341.00"
2011-01-20,"1,346.50"
2011-01-19,"1,370.20"
2011-01-18,"1,368.10"
2011-01-14,"1,360.40"
2011-01-13,"1,386.90"
2011-01-12,"1,385.70"
2011-01-11,"1,384.00"
2011-01-10,"1,373.70"
2011-01-07,"1,368.50"
2011-01-06,"1,371.40"
2011-01-05,"1,373.40"
2011-01-04,"1,378.50"
2011-01-03,"1,422.60"
2010-12-31,"1,421.10"
2010-12-30,"1,405.60"
2010-12-29,"1,413.10"
2010-12-28,"1,405.20"
2010-12-27,"1,382.40"
2010-12-23,"1,380.00"
2010-12-22,"1,386.80"
2010-12-21,"1,388.20"
2010-12-20,"1,385.50"
2010-12-17,"1,378.60"
2010-12-16,"1,370.40"
2010-12-15,"1,385.50"
2010-12-14,"1,403.60"
2010-12-13,"1,397.30"
2010-12-10,"1,384.30"
2010-12-09,"1,392.10"
2010-12-08,"1,382.50"
2010-12-07,"1,408.30"
2010-12-06,"1,415.30"
2010-12-03,"1,405.40"
2010-12-02,"1,388.50"
2010-12-01,"1,387.30"
2010-11-30,"1,385.00"
2010-11-29,"1,366.00"
2010-11-26,"1,362.40"
2010-11-24,"1,373.00"
2010-11-23,"1,377.50"
2010-11-22,"1,357.70"
2010-11-19,"1,352.20"
2010-11-18,"1,352.90"
2010-11-17,"1,336.80"
2010-11-16,"1,338.30"
2010-11-15,"1,368.40"
2010-11-12,"1,365.40"
2010-11-11,"1,403.10"
2010-11-10,"1,399.10"
2010-11-09,"1,409.80"
2010-11-08,"1,402.80"
2010-11-05,"1,397.30"
2010-11-04,"1,382.70"
2010-11-03,"1,337.10"
2010-11-02,"1,356.40"
2010-11-01,"1,350.20"
2010-10-29,"1,357.10"
2010-10-28,"1,342.10"
2010-10-27,"1,322.20"
2010-10-26,"1,338.00"
2010-10-25,"1,338.30"
2010-10-22,"1,324.40"
2010-10-21,"1,324.70"
2010-10-20,"1,343.30"
2010-10-19,"1,335.10"
2010-10-18,"1,371.20"
2010-10-15,"1,371.10"
2010-10-14,"1,376.70"
2010-10-13,"1,369.50"
2010-10-12,"1,345.70"
2010-10-11,"1,353.30"
2010-10-08,"1,344.20"
2010-10-07,"1,333.90"
2010-10-06,"1,346.40"
2010-10-05,"1,338.90"
2010-10-04,"1,315.40"
2010-10-01,"1,316.10"
2010-09-30,"1,307.80"
2010-09-29,"1,308.50"
2010-09-28,"1,306.60"
2010-09-27,"1,296.70"
2010-09-24,"1,296.00"
2010-09-23,"1,294.30"
2010-09-22,"1,290.20"
2010-09-21,"1,272.40"
2010-09-20,"1,279.00"
2010-09-17,"1,275.60"
2010-09-16,"1,271.90"
2010-09-15,"1,266.70"
2010-09-14,"1,269.70"
2010-09-13,"1,245.10"
2010-09-10,"1,244.50"
2010-09-09,"1,248.90"
2010-09-08,"1,255.60"
2010-09-07,"1,257.30"
2010-09-03,"1,249.20"
2010-09-02,"1,251.50"
2010-09-01,"1,246.30"
2010-08-31,"1,248.30"
2010-08-30,"1,237.10"
2010-08-27,"1,235.60"
2010-08-26,"1,234.20"
2010-08-25,"1,239.50"
2010-08-24,"1,231.80"
2010-08-23,"1,226.90"
2010-08-20,"1,227.20"
2010-08-19,"1,233.80"
2010-08-18,"1,229.70"
2010-08-17,"1,226.60"
2010-08-16,"1,224.50"
2010-08-13,"1,214.90"
2010-08-12,"1,214.80"
2010-08-11,"1,197.50"
2010-08-10,"1,196.20"
2010-08-09,"1,200.70"
2010-08-06,"1,203.40"
2010-08-05,"1,197.20"
2010-08-04,"1,193.70"
2010-08-03,"1,185.20"
2010-08-02,"1,183.40"
2010-07-30,"1,181.70"
2010-07-29,"1,168.40"
2010-07-28,"1,160.40"
2010-07-27,"1,158.00"
2010-07-26,"1,183.00"
2010-07-23,"1,187.70"
2010-07-22,"1,195.50"
2010-07-21,"1,191.60"
2010-07-20,"1,191.50"
2010-07-19,"1,181.70"
2010-07-16,"1,188.00"
2010-07-15,"1,208.10"
2010-07-14,"1,206.80"
2010-07-13,"1,213.30"
2010-07-12,"1,198.50"
2010-07-09,"1,209.60"
2010-07-08,"1,195.80"
2010-07-07,"1,198.60"
2010-07-06,"1,194.80"
2010-07-02,"1,207.40"
2010-07-01,"1,206.30"
2010-06-30,"1,245.50"
2010-06-29,"1,242.00"
2010-06-28,"1,238.20"
2010-06-25,"1,255.80"
2010-06-24,"1,245.50"
2010-06-23,"1,234.10"
2010-06-22,"1,239.90"
2010-06-21,"1,239.70"
2010-06-18,"1,257.20"
2010-06-17,"1,247.50"
2010-06-16,"1,229.30"
2010-06-15,"1,233.20"
2010-06-14,"1,223.30"
2010-06-11,"1,228.90"
2010-06-10,"1,220.80"
2010-06-09,"1,228.50"
2010-06-08,"1,244.00"
2010-06-07,"1,239.30"
2010-06-04,"1,216.20"
2010-06-03,"1,208.30"
2010-06-02,"1,220.60"
2010-06-01,"1,224.80"
2010-05-28,"1,212.20"
2010-05-27,"1,211.90"
2010-05-26,"1,213.40"
2010-05-25,"1,197.80"
2010-05-24,"1,193.80"
2010-05-21,"1,175.70"
2010-05-20,"1,187.80"
2010-05-19,"1,192.60"
2010-05-18,"1,214.30"
2010-05-17,"1,227.70"
2010-05-14,"1,227.40"
2010-05-13,"1,228.80"
2010-05-12,"1,242.70"
2010-05-11,"1,219.90"
2010-05-10,"1,200.40"
2010-05-07,"1,210.00"
2010-05-06,"1,196.90"
2010-05-05,"1,174.60"
2010-05-04,"1,168.60"
2010-05-03,"1,182.70"
2010-04-30,"1,180.10"
2010-04-29,"1,168.40"
2010-04-28,"1,171.30"
2010-04-27,"1,161.70"
2010-04-26,"1,153.50"
2010-04-23,"1,153.10"
2010-04-22,"1,142.30"
2010-04-21,"1,148.20"
2010-04-20,"1,138.60"
2010-04-19,"1,135.20"
2010-04-16,"1,136.30"
2010-04-15,"1,159.70"
2010-04-14,"1,159.00"
2010-04-13,"1,152.80"
2010-04-12,"1,161.60"
2010-04-09,"1,161.10"
2010-04-08,"1,152.20"
2010-04-07,"1,152.30"
2010-04-06,"1,135.10"
2010-04-05,"1,132.90"
2010-04-01,"1,125.10"
2010-03-31,"1,113.30"
2010-03-30,"1,104.50"
2010-03-29,"1,110.30"
2010-03-26,"1,104.20"
2010-03-25,"1,092.70"
2010-03-24,"1,088.60"
2010-03-23,"1,103.50"
2010-03-22,"1,099.30"
2010-03-19,"1,107.40"
2010-03-18,"1,127.40"
2010-03-17,"1,124.00"
2010-03-16,"1,122.20"
2010-03-15,"1,105.10"
2010-03-12,"1,101.50"
2010-03-11,"1,108.00"
2010-03-10,"1,107.80"
2010-03-09,"1,122.00"
2010-03-08,"1,123.60"
2010-03-05,"1,134.80"
2010-03-04,"1,132.60"
2010-03-03,"1,142.70"
2010-03-02,"1,136.90"
2010-03-01,"1,117.80"
2010-02-26,"1,118.30"
2010-02-25,"1,107.80"
2010-02-24,"1,096.50"
2010-02-23,"1,102.70"
2010-02-22,"1,112.60"
2010-02-19,"1,121.30"
2010-02-18,"1,118.00"
2010-02-17,"1,119.50"
2010-02-16,"1,119.30"
2010-02-12,"1,089.50"
2010-02-11,"1,094.20"
2010-02-10,"1,075.80"
2010-02-09,"1,076.70"
2010-02-08,"1,065.70"
2010-02-05,"1,052.20"
2010-02-04,"1,062.40"
2010-02-03,"1,111.40"
2010-02-02,"1,117.40"
2010-02-01,"1,104.30"
2010-01-29,"1,083.00"
2010-01-28,"1,083.60"
2010-01-27,"1,084.50"
2010-01-26,"1,097.90"
2010-01-25,"1,095.20"
2010-01-22,"1,089.20"
2010-01-21,"1,102.70"
2010-01-20,"1,112.30"
2010-01-19,"1,139.70"
2010-01-15,"1,130.10"
2010-01-14,"1,142.60"
2010-01-13,"1,136.40"
2010-01-12,"1,128.90"
2010-01-11,"1,150.70"
2010-01-08,"1,138.20"
2010-01-07,"1,133.10"
2010-01-06,"1,135.90"
2010-01-05,"1,118.10"
2010-01-04,"1,117.70"
2009-12-31,"1,095.20"
2009-12-30,"1,091.50"
2009-12-29,"1,097.00"
2009-12-28,"1,107.20"
2009-12-24,"1,104.10"
2009-12-23,"1,093.30"
2009-12-22,"1,086.00"
2009-12-21,"1,095.40"
2009-12-18,"1,110.80"
2009-12-17,"1,106.80"
2009-12-16,"1,135.50"
2009-12-15,"1,122.40"
2009-12-14,"1,123.30"
2009-12-11,"1,119.40"
2009-12-10,"1,125.70"
2009-12-09,"1,120.40"
2009-12-08,"1,142.80"
2009-12-07,"1,163.40"
2009-12-04,"1,168.80"
2009-12-03,"1,217.40"
2009-12-02,"1,212.00"
2009-12-01,"1,199.10"
2009-11-30,"1,181.10"
2009-11-27,"1,174.20"
2009-11-25,"1,187.00"
2009-11-24,"1,165.80"
2009-11-23,"1,164.70"
2009-11-20,"1,146.80"
2009-11-19,"1,141.90"
2009-11-18,"1,141.20"
2009-11-17,"1,139.40"
2009-11-16,"1,139.20"
2009-11-13,"1,116.70"
2009-11-12,"1,106.60"
2009-11-11,"1,114.60"
2009-11-10,"1,102.50"
2009-11-09,"1,101.40"
2009-11-06,"1,095.70"
2009-11-05,"1,089.30"
2009-11-04,"1,087.30"
2009-11-03,"1,084.90"
2009-11-02,"1,054.00"
2009-10-30,"1,040.40"
2009-10-29,"1,047.10"
2009-10-28,"1,029.90"
2009-10-27,"1,034.70"
2009-10-26,"1,042.10"
2009-10-23,"1,055.60"
2009-10-22,"1,057.80"
2009-10-21,"1,063.70"
2009-10-20,"1,057.80"
2009-10-19,"1,057.30"
2009-10-16,"1,050.70"
2009-10-15,"1,049.80"
2009-10-14,"1,063.90"
2009-10-13,"1,064.20"
2009-10-12,"1,056.70"
2009-10-09,"1,047.80"
2009-10-08,"1,055.40"
2009-10-07,"1,043.30"
2009-10-06,"1,038.60"
2009-10-05,"1,016.70"
2009-10-02,"1,003.20"
2009-10-01,999.50
2009-09-30,"1,008.00"
2009-09-29,993.10
2009-09-28,992.50
2009-09-25,990.30
2009-09-24,997.60
2009-09-23,"1,013.10"
2009-09-22,"1,014.40"
2009-09-21,"1,003.90"
2009-09-18,"1,009.40"
2009-09-17,"1,012.60"
2009-09-16,"1,019.20"
2009-09-15,"1,005.30"
2009-09-14,"1,000.20"
2009-09-11,"1,005.20"
2009-09-10,995.70
2009-09-09,995.90
2009-09-08,998.50
2009-09-04,995.40
2009-09-03,996.30
2009-09-02,977.10
2009-09-01,955.20
2009-08-31,952.20
2009-08-28,957.50
2009-08-27,945.50
2009-08-26,944.30
2009-08-25,944.50
2009-08-24,942.30
2009-08-21,953.20
2009-08-20,940.30
2009-08-19,943.30
2009-08-18,937.70
2009-08-17,934.30
2009-08-14,947.00
2009-08-13,954.70
2009-08-12,950.70
2009-08-11,945.80
2009-08-10,945.00
2009-08-07,957.30
2009-08-06,960.70
2009-08-05,964.20
2009-08-04,967.50
2009-08-03,956.60
2009-07-31,953.70
2009-07-30,934.90
2009-07-29,927.20
2009-07-28,939.10
2009-07-27,953.50
2009-07-24,953.10
2009-07-23,954.80
2009-07-22,953.30
2009-07-21,946.90
2009-07-20,948.80
2009-07-17,937.50
2009-07-16,935.40
2009-07-15,939.40
2009-07-14,922.80
2009-07-13,922.50
2009-07-10,912.50
2009-07-09,916.20
2009-07-08,909.30
2009-07-07,929.10
2009-07-06,924.30
2009-07-02,931.00
2009-07-01,941.30
2009-06-30,927.40
2009-06-29,940.70
2009-06-26,941.00
2009-06-25,939.10
2009-06-24,934.10
2009-06-23,923.90
2009-06-22,920.60
2009-06-19,935.60
2009-06-18,934.00
2009-06-17,935.40
2009-06-16,931.60
2009-06-15,926.90
2009-06-12,940.10
2009-06-11,961.30
2009-06-10,954.00
2009-06-09,954.00
2009-06-08,951.70
2009-06-05,961.70
2009-06-04,981.20
2009-06-03,964.50
2009-06-02,983.20
2009-06-01,978.60
2009-05-29,978.80
2009-05-28,961.50
2009-05-27,953.20
2009-05-26,953.10
2009-05-22,958.50
2009-05-21,950.80
2009-05-20,937.00
2009-05-19,926.30
2009-05-18,921.30
2009-05-15,930.90
2009-05-14,928.00
2009-05-13,925.50
2009-05-12,923.50
2009-05-11,913.00
2009-05-08,914.40
2009-05-07,915.00
2009-05-06,910.50
2009-05-05,903.70
2009-05-04,901.60
2009-05-01,887.60
2009-04-30,890.70
2009-04-29,899.80
2009-04-28,892.80
2009-04-27,907.40
2009-04-24,913.60
2009-04-23,905.90
2009-04-22,891.80
2009-04-21,882.10
2009-04-20,887.00
2009-04-17,867.40
2009-04-16,879.30
2009-04-15,892.80
2009-04-14,890.90
2009-04-13,894.70
2009-04-09,882.20
2009-04-08,884.80
2009-04-07,882.20
2009-04-06,871.50
2009-04-03,895.60
2009-04-02,907.40
2009-04-01,926.10
2009-03-31,922.60
2009-03-30,915.50
2009-03-27,923.20
2009-03-26,940.00
2009-03-25,935.80
2009-03-24,923.80
2009-03-23,952.50
2009-03-20,956.20
2009-03-19,958.80
2009-03-18,889.10
2009-03-17,916.80
2009-03-16,922.00
2009-03-13,930.10
2009-03-12,924.00
2009-03-11,910.70
2009-03-10,895.90
2009-03-09,918.00
2009-03-06,942.70
2009-03-05,927.80
2009-03-04,906.70
2009-03-03,913.60
2009-03-02,940.00
2009-02-27,942.50
2009-02-26,942.60
2009-02-25,965.70
2009-02-24,969.10
2009-02-23,994.60
2009-02-20,"1,001.80"
2009-02-19,976.10
2009-02-18,977.70
2009-02-17,967.00
2009-02-13,941.50
2009-02-12,948.50
2009-02-11,943.80
2009-02-10,913.70
2009-02-09,892.40
2009-02-06,913.90
2009-02-05,913.60
2009-02-04,901.60
2009-02-03,892.00
2009-02-02,906.70
2009-01-30,927.30
2009-01-29,905.10
2009-01-28,888.20
2009-01-27,899.50
2009-01-26,908.80
2009-01-23,895.80
2009-01-22,858.80
2009-01-21,850.10
2009-01-20,855.20
2009-01-16,839.90
2009-01-15,807.30
2009-01-14,808.80
2009-01-13,820.70
2009-01-12,821.00
2009-01-09,855.00
2009-01-08,854.50
2009-01-07,841.70
2009-01-06,866.00
2009-01-05,857.80
2009-01-02,879.50
2008-12-31,884.30
2008-12-30,870.00
2008-12-29,874.60
2008-12-26,870.40
2008-12-24,847.10
2008-12-23,837.20
2008-12-22,846.20
2008-12-19,836.40
2008-12-18,859.60
2008-12-17,867.50
2008-12-16,841.70
2008-12-15,835.40
2008-12-12,818.90
2008-12-11,824.90
2008-12-10,807.10
2008-12-09,772.40
2008-12-08,767.40
2008-12-05,750.50
2008-12-04,763.80
2008-12-03,768.80
2008-12-02,781.30
2008-12-01,774.60
2008-11-28,816.20
2008-11-26,808.50
2008-11-25,818.50
2008-11-24,819.50
2008-11-21,791.80
2008-11-20,748.70
2008-11-19,736.00
2008-11-18,732.70
2008-11-17,742.00
2008-11-14,742.50
2008-11-13,705.00
2008-11-12,718.30
2008-11-11,732.80
2008-11-10,746.50
2008-11-07,734.20
2008-11-06,732.20
2008-11-05,742.40
2008-11-04,757.30
2008-11-03,726.80
2008-10-31,718.20
2008-10-30,738.50
2008-10-29,752.80
2008-10-28,739.30
2008-10-27,741.70
2008-10-24,729.10
2008-10-23,713.30
2008-10-22,733.30
2008-10-21,766.10
2008-10-20,787.60
2008-10-17,785.10
2008-10-16,801.50
2008-10-15,835.50
2008-10-14,836.30
2008-10-13,838.90
2008-10-10,855.40
2008-10-09,883.10
2008-10-08,903.10
2008-10-07,878.40
2008-10-06,862.70
2008-10-03,828.90
2008-10-02,839.00
2008-10-01,880.70
2008-09-30,874.20
2008-09-29,888.20
2008-09-26,882.90
2008-09-25,878.00
2008-09-24,889.40
2008-09-23,885.90
2008-09-22,904.30
2008-09-19,861.00
2008-09-18,893.20
2008-09-17,847.10
2008-09-16,777.10
2008-09-15,783.80
2008-09-12,761.00
2008-09-11,742.10
2008-09-10,758.90
2008-09-09,788.10
2008-09-08,798.50
2008-09-05,798.80
2008-09-04,799.30
2008-09-03,804.30
2008-09-02,806.60
2008-08-29,831.20
2008-08-28,833.30
2008-08-27,828.10
2008-08-26,822.20
2008-08-25,819.80
2008-08-22,827.40
2008-08-21,833.00
2008-08-20,810.30
2008-08-19,811.10
2008-08-18,799.70
2008-08-15,786.00
2008-08-14,808.20
2008-08-13,825.00
2008-08-12,808.20
2008-08-11,821.50
2008-08-08,857.80
2008-08-07,870.70
2008-08-06,875.60
2008-08-05,878.60
2008-08-04,900.10
2008-08-01,909.00
2008-07-31,913.90
2008-07-30,902.90
2008-07-29,916.50
2008-07-28,927.70
2008-07-25,926.80
2008-07-24,922.30
2008-07-23,922.80
2008-07-22,948.50
2008-07-21,963.70
2008-07-18,958.00
2008-07-17,970.70
2008-07-16,962.70
2008-07-15,978.70
2008-07-14,973.70
2008-07-11,960.60
2008-07-10,942.00
2008-07-09,928.60
2008-07-08,923.30
2008-07-07,928.80
2008-07-03,933.60
2008-07-02,946.50
2008-07-01,944.50
2008-06-30,928.30
2008-06-27,931.30
2008-06-26,913.10
2008-06-25,880.00
2008-06-24,889.20
2008-06-23,884.80
2008-06-20,901.30
2008-06-19,901.70
2008-06-18,890.90
2008-06-17,884.30
2008-06-16,883.60
2008-06-13,870.30
2008-06-12,869.20
2008-06-11,879.70
2008-06-10,867.90
2008-06-09,894.70
2008-06-06,895.40
2008-06-05,871.80
2008-06-04,879.90
2008-06-03,881.60
2008-06-02,892.90
2008-05-30,887.30
2008-05-29,877.20
2008-05-28,900.50
2008-05-27,907.70
2008-05-23,925.60
2008-05-22,917.90
2008-05-21,928.00
2008-05-20,919.50
2008-05-19,905.00
2008-05-16,899.00
2008-05-15,879.00
2008-05-14,865.40
2008-05-13,868.50
2008-05-12,883.70
2008-05-09,884.50
2008-05-08,880.60
2008-05-07,869.60
2008-05-06,876.00
2008-05-05,872.30
2008-05-02,856.10
2008-05-01,848.90
2008-04-30,862.80
2008-04-29,874.20
2008-04-28,892.90
2008-04-25,887.30
2008-04-24,886.80
2008-04-23,906.20
2008-04-22,922.30
2008-04-21,914.70
2008-04-18,912.20
2008-04-17,939.80
2008-04-16,945.10
2008-04-15,928.70
2008-04-14,925.40
2008-04-11,923.60
2008-04-10,928.30
2008-04-09,933.60
2008-04-08,914.00
2008-04-07,922.70
2008-04-04,909.00
2008-04-03,905.00
2008-04-02,895.20
2008-04-01,882.90
2008-03-31,916.20
2008-03-28,930.60
2008-03-27,948.80
2008-03-26,949.20
2008-03-25,935.00
2008-03-24,918.70
2008-03-20,920.00
2008-03-19,945.30
2008-03-18,"1,004.30"
2008-03-17,"1,002.60"
2008-03-14,999.50
2008-03-13,993.80
2008-03-12,980.50
2008-03-11,976.00
2008-03-10,971.80
2008-03-07,974.20
2008-03-06,977.10
2008-03-05,988.50
2008-03-04,966.30
2008-03-03,984.20
2008-02-29,975.00
2008-02-28,967.50
2008-02-27,958.20
2008-02-26,946.10
2008-02-25,937.60
2008-02-22,944.70
2008-02-21,946.10
2008-02-20,934.60
2008-02-19,926.60
2008-02-15,902.80
2008-02-14,907.40
2008-02-13,906.50
2008-02-12,907.40
2008-02-11,922.90
2008-02-08,918.40
2008-02-07,906.10
2008-02-06,900.70
2008-02-05,885.90
2008-02-04,904.90
2008-02-01,908.70
2008-01-31,922.70
2008-01-30,920.60
2008-01-29,925.10
2008-01-28,927.10
2008-01-25,910.70
2008-01-24,905.80
2008-01-23,883.10
2008-01-22,890.30
2008-01-18,881.70
2008-01-17,880.50
2008-01-11,897.70
2008-01-10,893.60
2008-01-09,881.70
2008-01-04,865.70
2008-01-03,869.10
2008-01-02,860.00
2007-12-31,838.00
2007-12-28,842.70
2007-12-27,828.60
2007-12-26,826.00
2007-12-24,812.80
2007-12-21,811.60
2007-12-20,799.20
2007-12-19,801.10
2007-12-18,803.00
2007-12-17,794.80
2007-12-14,793.30
2007-12-13,799.00
2007-12-12,813.50
2007-12-11,811.40
2007-12-10,807.70
2007-12-07,794.40
2007-12-06,801.20
2007-12-05,797.50
2007-12-04,801.30
2007-12-03,788.30
2007-11-30,782.20
2007-11-29,795.30
2007-11-28,800.30
2007-11-27,814.00
2007-11-26,826.50
2007-11-23,824.70
2007-11-21,798.60
2007-11-20,791.40
2007-11-19,778.00
2007-11-16,787.00
2007-11-15,787.30
2007-11-14,814.70
2007-11-13,799.00
2007-11-12,807.70
2007-11-09,834.70
2007-11-08,837.50
2007-11-07,833.50
2007-11-06,823.40
2007-11-05,810.80
2007-11-02,808.50
2007-11-01,793.70
2007-10-31,795.30
2007-10-30,787.80
2007-10-29,789.10
2007-10-26,783.90
2007-10-25,767.30
2007-10-24,761.60
2007-10-23,759.00
2007-10-22,755.80
2007-10-19,764.00
2007-10-18,764.10
2007-10-17,757.50
2007-10-16,757.00
2007-10-15,757.10
2007-10-12,748.70
2007-10-11,751.30
2007-10-10,740.40
2007-10-09,737.40
2007-10-08,732.80
2007-10-05,741.30
2007-10-04,737.80
2007-10-03,729.30
2007-10-02,729.80
2007-10-01,747.20
2007-09-28,742.80
2007-09-27,732.70
2007-09-26,728.60
2007-09-25,732.00
2007-09-24,732.50
2007-09-21,732.10
2007-09-20,733.20
2007-09-19,723.00
2007-09-18,717.00
2007-09-17,717.10
2007-09-14,711.10
2007-09-13,711.20
2007-09-12,714.00
2007-09-11,714.40
2007-09-10,705.60
2007-09-07,703.20
2007-09-06,698.10
2007-09-05,684.30
2007-09-04,685.20
2007-08-31,675.80
2007-08-30,668.00
2007-08-29,666.30
2007-08-28,664.40
2007-08-27,666.80
2007-08-24,668.00
2007-08-23,658.90
2007-08-22,659.10
2007-08-21,656.70
2007-08-20,656.70
2007-08-17,656.90
2007-08-16,648.30
2007-08-15,668.90
2007-08-14,668.60
2007-08-13,669.70
2007-08-10,670.30
2007-08-09,661.40
2007-08-08,674.50
2007-08-07,670.60
2007-08-06,671.50
2007-08-03,672.50
2007-08-02,664.60
2007-08-01,663.60
2007-07-31,666.90
2007-07-30,664.10
2007-07-27,660.10
2007-07-26,662.80
2007-07-25,673.80
2007-07-24,684.80
2007-07-23,681.50
2007-07-20,684.70
2007-07-19,678.10
2007-07-18,673.70
2007-07-17,665.90
2007-07-16,666.30
2007-07-13,667.30
2007-07-12,668.30
2007-07-11,662.10
2007-07-10,664.40
2007-07-09,662.50
2007-07-06,654.80
2007-07-05,650.60
2007-07-03,655.40
2007-07-02,659.20
2007-06-29,650.90
2007-06-28,650.40
2007-06-27,641.70
2007-06-26,642.10
2007-06-25,651.30
2007-06-22,653.50
2007-06-21,650.60
2007-06-20,656.10
2007-06-19,660.70
2007-06-18,655.80
2007-06-15,654.50
2007-06-14,651.60
2007-06-13,648.20
2007-06-12,648.50
2007-06-11,654.30
2007-06-08,645.50
2007-06-07,660.10
2007-06-06,669.30
2007-06-05,669.60
2007-06-04,670.70
2007-06-01,671.20
2007-05-31,661.00
2007-05-30,653.10
2007-05-29,657.10
2007-05-25,655.10
2007-05-24,653.00
2007-05-23,661.90
2007-05-22,659.10
2007-05-21,662.90
2007-05-18,661.00
2007-05-17,656.20
2007-05-16,660.20
2007-05-15,673.00
2007-05-14,668.50
2007-05-11,670.60
2007-05-10,665.10
2007-05-09,680.30
2007-05-08,685.10
2007-05-07,688.00
2007-05-04,687.20
2007-05-03,681.80
2007-05-02,672.30
2007-05-01,674.40
2007-04-30,680.50
2007-04-27,678.70
2007-04-26,674.90
2007-04-23,690.60
2007-04-20,692.00
2007-04-19,684.30
2007-04-18,689.10
2007-04-17,688.20
2007-04-16,690.10
2007-04-13,685.40
2007-04-12,675.10
2007-04-11,676.80
2007-04-10,676.50
2007-04-05,674.20
